Start	Start-Reversed	End	End-Reversed	Ultrabubble	Unary	Shallow-Nodes	Shallow-Edges	Shallow-bases	Deep-Nodes	Deep-Edges	Deep-Bases	Depth	Children	Chains	Chains-Children	Net-Graph-Size
3750	0	3751	0	1	0	0	1	0	0	1	0	0	0	0	0	2
3748	0	3750	0	1	0	1	3	1	1	3	1	0	0	0	0	3
3746	0	3748	0	1	0	1	3	1	1	3	1	0	0	0	0	3
3745	0	3746	0	1	0	0	1	0	0	1	0	0	0	0	0	2
3744	0	3745	0	1	0	0	1	0	0	1	0	0	0	0	0	2
3734	0	3744	0	1	0	5	3	296	9	15	300	0	4	1	4	3
3741	0	3743	0	1	0	1	3	1	1	3	1	1	0	0	0	3
3739	0	3741	0	1	0	1	3	1	1	3	1	1	0	0	0	3
3737	0	3739	0	1	0	1	3	1	1	3	1	1	0	0	0	3
3735	0	3737	0	1	0	1	3	1	1	3	1	1	0	0	0	3
3732	0	3734	0	1	0	1	3	1	1	3	1	0	0	0	0	3
3730	0	3732	0	1	0	1	3	1	1	3	1	0	0	0	0	3
3728	0	3730	0	1	0	1	3	1	1	3	1	0	0	0	0	3
3726	0	3728	0	1	0	1	3	1	1	3	1	0	0	0	0	3
3724	0	3726	0	1	0	1	3	1	1	3	1	0	0	0	0	3
3722	0	3724	0	1	0	1	3	1	1	3	1	0	0	0	0	3
3720	0	3722	0	1	0	1	3	1	1	3	1	0	0	0	0	3
3717	0	3720	0	1	0	2	4	2	2	4	2	0	0	0	0	4
3715	0	3717	0	1	0	1	3	1	1	3	1	0	0	0	0	3
3713	0	3715	0	1	0	1	3	1	1	3	1	0	0	0	0	3
3710	0	3713	0	1	0	2	4	2	2	4	2	0	0	0	0	4
3708	0	3710	0	1	0	1	3	1	1	3	1	0	0	0	0	3
3706	0	3708	0	1	0	1	3	1	1	3	1	0	0	0	0	3
3703	0	3706	0	1	0	2	4	2	2	4	2	0	0	0	0	4
3701	0	3703	0	1	0	1	3	1	1	3	1	0	0	0	0	3
3699	0	3701	0	1	0	1	3	1	1	3	1	0	0	0	0	3
3697	0	3699	0	1	0	1	3	1	1	3	1	0	0	0	0	3
3694	0	3697	0	1	0	2	4	2	2	4	2	0	0	0	0	4
3692	0	3694	0	1	0	1	3	1	1	3	1	0	0	0	0	3
3691	0	3692	0	1	0	0	1	0	0	1	0	0	0	0	0	2
3689	0	3691	0	1	0	1	3	1	1	3	1	0	0	0	0	3
3687	0	3689	0	1	0	1	3	1	1	3	1	0	0	0	0	3
3685	0	3687	0	1	0	1	3	1	1	3	1	0	0	0	0	3
3683	0	3685	0	1	0	1	3	1	1	3	1	0	0	0	0	3
3681	0	3683	0	1	0	1	3	1	1	3	1	0	0	0	0	3
3679	0	3681	0	1	0	1	3	1	1	3	1	0	0	0	0	3
3676	0	3679	0	1	0	2	4	4	2	4	4	0	0	0	0	4
3674	0	3676	0	1	0	1	3	1	1	3	1	0	0	0	0	3
3671	0	3674	0	1	0	2	4	2	2	4	2	0	0	0	0	4
3668	0	3671	0	1	0	2	4	2	2	4	2	0	0	0	0	4
3665	0	3668	0	1	0	2	4	2	2	4	2	0	0	0	0	4
3661	0	3665	0	1	0	3	7	4	3	7	4	0	0	0	0	5
3660	0	3661	0	1	0	0	1	0	0	1	0	0	0	0	0	2
3658	0	3660	0	1	0	1	3	1	1	3	1	0	0	0	0	3
3656	0	3658	0	1	0	1	3	1	1	3	1	0	0	0	0	3
3653	0	3656	0	1	0	2	4	2	2	4	2	0	0	0	0	4
3651	0	3653	0	1	0	1	3	1	1	3	1	0	0	0	0	3
3649	0	3651	0	1	0	1	3	2	1	3	2	0	0	0	0	3
3647	0	3649	0	1	0	1	3	1	1	3	1	0	0	0	0	3
3645	0	3647	0	1	0	1	3	4	1	3	4	0	0	0	0	3
3643	0	3645	0	1	0	1	3	2	1	3	2	0	0	0	0	3
3641	0	3643	0	1	0	1	3	1	1	3	1	0	0	0	0	3
3639	0	3641	0	1	0	1	3	1	1	3	1	0	0	0	0	3
3637	0	3639	0	1	0	1	3	1	1	3	1	0	0	0	0	3
3634	0	3637	0	1	0	2	4	2	2	4	2	0	0	0	0	4
3632	0	3634	0	1	0	1	3	1	1	3	1	0	0	0	0	3
3630	0	3632	0	1	0	1	3	1	1	3	1	0	0	0	0	3
3628	0	3630	0	1	0	1	3	1	1	3	1	0	0	0	0	3
3626	0	3628	0	1	0	1	3	1	1	3	1	0	0	0	0	3
3623	0	3626	0	1	0	2	4	2	2	4	2	0	0	0	0	4
3621	0	3623	0	1	0	1	3	1	1	3	1	0	0	0	0	3
3619	0	3621	0	1	0	1	3	1	1	3	1	0	0	0	0	3
3616	0	3619	0	1	0	2	4	2	2	4	2	0	0	0	0	4
3614	0	3616	0	1	0	1	3	1	1	3	1	0	0	0	0	3
3612	0	3614	0	1	0	1	3	1	1	3	1	0	0	0	0	3
3610	0	3612	0	1	0	1	3	1	1	3	1	0	0	0	0	3
3607	0	3610	0	1	0	2	4	2	2	4	2	0	0	0	0	4
3605	0	3607	0	1	0	1	3	1	1	3	1	0	0	0	0	3
3602	0	3605	0	1	0	2	4	2	2	4	2	0	0	0	0	4
3601	0	3602	0	1	0	0	1	0	0	1	0	0	0	0	0	2
3599	0	3601	0	1	0	1	3	1	1	3	1	0	0	0	0	3
3597	0	3599	0	1	0	1	3	1	1	3	1	0	0	0	0	3
3595	0	3597	0	1	0	1	3	1	1	3	1	0	0	0	0	3
3593	0	3595	0	1	0	1	3	1	1	3	1	0	0	0	0	3
3591	0	3593	0	1	0	1	3	1	1	3	1	0	0	0	0	3
3589	0	3591	0	1	0	1	3	1	1	3	1	0	0	0	0	3
3586	0	3589	0	1	0	2	4	2	2	4	2	0	0	0	0	4
3584	0	3586	0	1	0	1	3	1	1	3	1	0	0	0	0	3
3582	0	3584	0	1	0	1	3	1	1	3	1	0	0	0	0	3
3580	0	3582	0	1	0	1	3	1	1	3	1	0	0	0	0	3
3577	0	3580	0	1	0	2	4	2	2	4	2	0	0	0	0	4
3574	0	3577	0	1	0	2	4	2	2	4	2	0	0	0	0	4
3571	0	3574	0	1	0	2	4	2	2	4	2	0	0	0	0	4
3569	0	3571	0	1	0	1	3	1	1	3	1	0	0	0	0	3
3565	0	3569	0	1	0	3	6	3	3	6	3	0	0	0	0	5
3563	0	3565	0	1	0	1	3	1	1	3	1	0	0	0	0	3
3560	0	3563	0	1	0	2	4	2	2	4	2	0	0	0	0	4
3558	0	3560	0	1	0	1	3	1	1	3	1	0	0	0	0	3
3556	0	3558	0	1	0	1	3	1	1	3	1	0	0	0	0	3
3554	0	3556	0	1	0	1	3	1	1	3	1	0	0	0	0	3
3552	0	3554	0	1	0	1	3	1	1	3	1	0	0	0	0	3
3550	0	3552	0	1	0	1	3	1	1	3	1	0	0	0	0	3
3547	0	3550	0	1	0	2	4	2	2	4	2	0	0	0	0	4
3544	0	3547	0	1	0	2	4	2	2	4	2	0	0	0	0	4
3541	0	3544	0	1	0	2	4	2	2	4	2	0	0	0	0	4
3538	0	3541	0	1	0	2	4	2	2	4	2	0	0	0	0	4
3535	0	3538	0	1	0	2	4	2	2	4	2	0	0	0	0	4
3533	0	3535	0	1	0	1	3	2	1	3	2	0	0	0	0	3
3531	0	3533	0	1	0	1	3	1	1	3	1	0	0	0	0	3
3530	0	3531	0	1	0	0	1	0	0	1	0	0	0	0	0	2
3529	0	3530	0	1	0	0	1	0	0	1	0	0	0	0	0	2
3527	0	3529	0	1	0	1	3	1	1	3	1	0	0	0	0	3
3525	0	3527	0	1	0	1	3	1	1	3	1	0	0	0	0	3
3522	0	3525	0	1	0	2	4	2	2	4	2	0	0	0	0	4
3520	0	3522	0	1	0	1	3	1	1	3	1	0	0	0	0	3
3518	0	3520	0	1	0	1	3	1	1	3	1	0	0	0	0	3
3516	0	3518	0	1	0	1	3	1	1	3	1	0	0	0	0	3
3513	0	3516	0	1	0	2	4	2	2	4	2	0	0	0	0	4
3509	0	3513	0	1	0	3	6	3	3	6	3	0	0	0	0	5
3507	0	3509	0	1	0	1	3	1	1	3	1	0	0	0	0	3
3505	0	3507	0	1	0	1	3	1	1	3	1	0	0	0	0	3
3504	0	3505	0	1	0	0	1	0	0	1	0	0	0	0	0	2
3503	0	3504	0	1	0	0	1	0	0	1	0	0	0	0	0	2
3463	0	3503	0	1	0	17	3	1271	39	57	1293	0	16	1	16	3
3500	0	3502	0	1	0	1	3	1	1	3	1	1	0	0	0	3
3497	0	3500	0	1	0	2	4	2	2	4	2	1	0	0	0	4
3494	0	3497	0	1	0	2	4	2	2	4	2	1	0	0	0	4
3491	0	3494	0	1	0	2	4	2	2	4	2	1	0	0	0	4
3489	0	3491	0	1	0	1	3	1	1	3	1	1	0	0	0	3
3487	0	3489	0	1	0	1	3	1	1	3	1	1	0	0	0	3
3485	0	3487	0	1	0	1	3	1	1	3	1	1	0	0	0	3
3483	0	3485	0	1	0	1	3	1	1	3	1	1	0	0	0	3
3481	0	3483	0	1	0	1	3	1	1	3	1	1	0	0	0	3
3478	0	3481	0	1	0	2	4	2	2	4	2	1	0	0	0	4
3475	0	3478	0	1	0	2	4	2	2	4	2	1	0	0	0	4
3472	0	3475	0	1	0	2	4	2	2	4	2	1	0	0	0	4
3470	0	3472	0	1	0	1	3	1	1	3	1	1	0	0	0	3
3468	0	3470	0	1	0	1	3	1	1	3	1	1	0	0	0	3
3466	0	3468	0	1	0	1	3	1	1	3	1	1	0	0	0	3
3464	0	3466	0	1	0	1	3	1	1	3	1	1	0	0	0	3
3461	0	3463	0	1	0	1	3	1	1	3	1	0	0	0	0	3
3459	0	3461	0	1	0	1	3	1	1	3	1	0	0	0	0	3
3457	0	3459	0	1	0	1	3	1	1	3	1	0	0	0	0	3
3454	0	3457	0	1	0	2	4	2	2	4	2	0	0	0	0	4
3452	0	3454	0	1	0	1	3	1	1	3	1	0	0	0	0	3
3450	0	3452	0	1	0	1	3	2	1	3	2	0	0	0	0	3
3448	0	3450	0	1	0	1	3	1	1	3	1	0	0	0	0	3
3446	0	3448	0	1	0	1	3	1	1	3	1	0	0	0	0	3
3444	0	3446	0	1	0	1	3	1	1	3	1	0	0	0	0	3
3442	0	3444	0	1	0	1	3	1	1	3	1	0	0	0	0	3
3439	0	3442	0	1	0	2	4	2	2	4	2	0	0	0	0	4
3437	0	3439	0	1	0	1	3	1	1	3	1	0	0	0	0	3
3434	0	3437	0	1	0	2	4	2	2	4	2	0	0	0	0	4
3432	0	3434	0	1	0	1	3	1	1	3	1	0	0	0	0	3
3427	0	3432	0	1	0	4	9	5	4	9	5	0	0	0	0	6
3425	0	3427	0	1	0	1	3	1	1	3	1	0	0	0	0	3
3422	0	3425	0	1	0	2	4	2	2	4	2	0	0	0	0	4
3420	0	3422	0	1	0	1	3	1	1	3	1	0	0	0	0	3
3417	0	3420	0	1	0	2	4	2	2	4	2	0	0	0	0	4
3415	0	3417	0	1	0	1	3	1	1	3	1	0	0	0	0	3
3413	0	3415	0	1	0	1	3	1	1	3	1	0	0	0	0	3
3411	0	3413	0	1	0	1	3	1	1	3	1	0	0	0	0	3
3410	0	3411	0	1	0	0	1	0	0	1	0	0	0	0	0	2
3407	0	3410	0	1	0	2	4	2	2	4	2	0	0	0	0	4
3405	0	3407	0	1	0	1	3	1	1	3	1	0	0	0	0	3
3403	0	3405	0	1	0	1	3	1	1	3	1	0	0	0	0	3
3401	0	3403	0	1	0	1	3	1	1	3	1	0	0	0	0	3
3399	0	3401	0	1	0	1	3	1	1	3	1	0	0	0	0	3
3397	0	3399	0	1	0	1	3	1	1	3	1	0	0	0	0	3
3395	0	3397	0	1	0	1	3	1	1	3	1	0	0	0	0	3
3393	0	3395	0	1	0	1	3	1	1	3	1	0	0	0	0	3
3391	0	3393	0	1	0	1	3	1	1	3	1	0	0	0	0	3
3388	0	3391	0	1	0	2	4	2	2	4	2	0	0	0	0	4
3383	0	3388	0	1	0	4	9	12	4	9	12	0	0	0	0	6
3381	0	3383	0	1	0	1	3	1	1	3	1	0	0	0	0	3
3378	0	3381	0	1	0	2	4	2	2	4	2	0	0	0	0	4
3375	0	3378	0	1	0	2	4	2	2	4	2	0	0	0	0	4
3372	0	3375	0	1	0	2	5	2	2	5	2	0	0	0	0	4
3370	0	3372	0	1	0	1	3	1	1	3	1	0	0	0	0	3
3367	0	3370	0	1	0	2	4	2	2	4	2	0	0	0	0	4
3364	0	3367	0	1	0	2	4	2	2	4	2	0	0	0	0	4
3361	0	3364	0	1	0	2	4	2	2	4	2	0	0	0	0	4
3358	0	3361	0	1	0	2	4	2	2	4	2	0	0	0	0	4
3355	0	3358	0	1	0	2	4	2	2	4	2	0	0	0	0	4
3352	0	3355	0	1	0	2	4	2	2	4	2	0	0	0	0	4
3350	0	3352	0	1	0	1	3	7	1	3	7	0	0	0	0	3
3347	0	3350	0	1	0	2	4	2	2	4	2	0	0	0	0	4
3344	0	3347	0	1	0	2	4	2	2	4	2	0	0	0	0	4
3341	0	3344	0	1	0	2	4	2	2	4	2	0	0	0	0	4
3338	0	3341	0	1	0	2	4	2	2	4	2	0	0	0	0	4
3335	0	3338	0	1	0	2	4	2	2	4	2	0	0	0	0	4
3333	0	3335	0	1	0	1	3	2	1	3	2	0	0	0	0	3
3330	0	3333	0	1	0	2	4	2	2	4	2	0	0	0	0	4
3328	0	3330	0	1	0	1	3	1	1	3	1	0	0	0	0	3
3326	0	3328	0	1	0	1	3	1	1	3	1	0	0	0	0	3
3323	0	3326	0	1	0	2	4	2	2	4	2	0	0	0	0	4
3320	0	3323	0	1	0	2	4	2	2	4	2	0	0	0	0	4
3318	0	3320	0	1	0	1	3	2	1	3	2	0	0	0	0	3
3311	0	3318	0	1	0	6	13	13	6	13	13	0	0	0	0	8
3309	0	3311	0	1	0	1	3	1	1	3	1	0	0	0	0	3
3306	0	3309	0	1	0	2	4	2	2	4	2	0	0	0	0	4
3303	0	3306	0	1	0	2	4	2	2	4	2	0	0	0	0	4
3300	0	3303	0	1	0	2	4	2	2	4	2	0	0	0	0	4
3298	0	3300	0	1	0	1	3	4	1	3	4	0	0	0	0	3
3296	0	3298	0	1	0	1	3	2	1	3	2	0	0	0	0	3
3293	0	3296	0	1	0	2	4	2	2	4	2	0	0	0	0	4
3290	0	3293	0	1	0	2	4	2	2	4	2	0	0	0	0	4
3287	0	3290	0	1	0	2	4	2	2	4	2	0	0	0	0	4
3284	0	3287	0	1	0	2	4	2	2	4	2	0	0	0	0	4
3281	0	3284	0	1	0	2	4	2	2	4	2	0	0	0	0	4
3278	0	3281	0	1	0	2	5	2	2	5	2	0	0	0	0	4
3275	0	3278	0	1	0	2	4	2	2	4	2	0	0	0	0	4
3272	0	3275	0	1	0	2	4	2	2	4	2	0	0	0	0	4
3269	0	3272	0	1	0	2	4	2	2	4	2	0	0	0	0	4
3266	0	3269	0	1	0	2	4	2	2	4	2	0	0	0	0	4
3263	0	3266	0	1	0	2	4	2	2	4	2	0	0	0	0	4
3260	0	3263	0	1	0	2	4	2	2	4	2	0	0	0	0	4
3257	0	3260	0	1	0	2	4	2	2	4	2	0	0	0	0	4
3254	0	3257	0	1	0	2	4	2	2	4	2	0	0	0	0	4
3252	0	3254	0	1	0	1	3	1	1	3	1	0	0	0	0	3
3249	0	3252	0	1	0	2	4	2	2	4	2	0	0	0	0	4
3246	0	3249	0	1	0	2	4	2	2	4	2	0	0	0	0	4
3243	0	3246	0	1	0	2	4	2	2	4	2	0	0	0	0	4
3240	0	3243	0	1	0	2	4	2	2	4	2	0	0	0	0	4
3237	0	3240	0	1	0	2	4	2	2	4	2	0	0	0	0	4
3234	0	3237	0	1	0	2	4	2	2	4	2	0	0	0	0	4
3231	0	3234	0	1	0	2	4	2	2	4	2	0	0	0	0	4
3228	0	3231	0	1	0	2	4	2	2	4	2	0	0	0	0	4
3225	0	3228	0	1	0	2	4	2	2	4	2	0	0	0	0	4
3222	0	3225	0	1	0	2	4	2	2	4	2	0	0	0	0	4
3219	0	3222	0	1	0	2	4	2	2	4	2	0	0	0	0	4
3216	0	3219	0	1	0	2	4	2	2	4	2	0	0	0	0	4
3213	0	3216	0	1	0	2	4	2	2	4	2	0	0	0	0	4
3210	0	3213	0	1	0	2	4	2	2	4	2	0	0	0	0	4
3207	0	3210	0	1	0	2	4	2	2	4	2	0	0	0	0	4
3204	0	3207	0	1	0	2	4	2	2	4	2	0	0	0	0	4
3201	0	3204	0	1	0	2	4	2	2	4	2	0	0	0	0	4
3198	0	3201	0	1	0	2	4	2	2	4	2	0	0	0	0	4
3195	0	3198	0	1	0	2	4	2	2	4	2	0	0	0	0	4
3192	0	3195	0	1	0	2	4	2	2	4	2	0	0	0	0	4
3189	0	3192	0	1	0	2	4	2	2	4	2	0	0	0	0	4
3186	0	3189	0	1	0	2	4	2	2	4	2	0	0	0	0	4
3183	0	3186	0	1	0	2	4	2	2	4	2	0	0	0	0	4
3180	0	3183	0	1	0	2	4	2	2	4	2	0	0	0	0	4
3177	0	3180	0	1	0	2	4	2	2	4	2	0	0	0	0	4
3174	0	3177	0	1	0	2	4	2	2	4	2	0	0	0	0	4
3171	0	3174	0	1	0	2	4	2	2	4	2	0	0	0	0	4
3168	0	3171	0	1	0	2	4	2	2	4	2	0	0	0	0	4
3165	0	3168	0	1	0	2	4	2	2	4	2	0	0	0	0	4
3162	0	3165	0	1	0	2	4	2	2	4	2	0	0	0	0	4
3159	0	3162	0	1	0	2	4	2	2	4	2	0	0	0	0	4
3156	0	3159	0	1	0	2	4	2	2	4	2	0	0	0	0	4
3153	0	3156	0	1	0	2	4	2	2	4	2	0	0	0	0	4
3150	0	3153	0	1	0	2	4	2	2	4	2	0	0	0	0	4
3147	0	3150	0	1	0	2	4	2	2	4	2	0	0	0	0	4
3144	0	3147	0	1	0	2	4	2	2	4	2	0	0	0	0	4
3141	0	3144	0	1	0	2	5	2	2	5	2	0	0	0	0	4
3136	0	3141	0	1	0	4	7	5	4	7	5	0	0	0	0	6
3133	0	3136	0	1	0	2	4	2	2	4	2	0	0	0	0	4
3131	0	3133	0	1	0	1	3	1	1	3	1	0	0	0	0	3
3128	0	3131	0	1	0	2	4	2	2	4	2	0	0	0	0	4
3126	0	3128	0	1	0	1	3	4	1	3	4	0	0	0	0	3
3123	0	3126	0	1	0	2	4	2	2	4	2	0	0	0	0	4
3120	0	3123	0	1	0	2	4	2	2	4	2	0	0	0	0	4
3117	0	3120	0	1	0	2	4	2	2	4	2	0	0	0	0	4
3114	0	3117	0	1	0	2	4	2	2	4	2	0	0	0	0	4
3111	0	3114	0	1	0	2	4	2	2	4	2	0	0	0	0	4
3108	0	3111	0	1	0	2	5	2	2	5	2	0	0	0	0	4
3105	0	3108	0	1	0	2	4	2	2	4	2	0	0	0	0	4
3101	0	3105	0	1	0	3	7	3	3	7	3	0	0	0	0	5
3098	0	3101	0	1	0	2	4	2	2	4	2	0	0	0	0	4
3095	0	3098	0	1	0	2	4	2	2	4	2	0	0	0	0	4
3092	0	3095	0	1	0	2	4	2	2	4	2	0	0	0	0	4
3089	0	3092	0	1	0	2	4	2	2	4	2	0	0	0	0	4
3086	0	3089	0	1	0	2	4	2	2	4	2	0	0	0	0	4
3083	0	3086	0	1	0	2	4	2	2	4	2	0	0	0	0	4
3079	0	3083	0	1	0	3	6	3	3	6	3	0	0	0	0	5
3074	0	3079	0	1	0	4	7	4	4	7	4	0	0	0	0	6
3072	0	3074	0	1	0	1	3	1	1	3	1	0	0	0	0	3
3069	0	3072	0	1	0	2	4	2	2	4	2	0	0	0	0	4
3066	0	3069	0	1	0	2	4	2	2	4	2	0	0	0	0	4
3063	0	3066	0	1	0	2	4	2	2	4	2	0	0	0	0	4
3060	0	3063	0	1	0	2	4	2	2	4	2	0	0	0	0	4
3055	0	3060	0	1	0	4	7	4	4	7	4	0	0	0	0	6
3052	0	3055	0	1	0	2	4	2	2	4	2	0	0	0	0	4
3050	0	3052	0	1	0	1	3	5	1	3	5	0	0	0	0	3
3047	0	3050	0	1	0	2	4	2	2	4	2	0	0	0	0	4
3044	0	3047	0	1	0	2	4	2	2	4	2	0	0	0	0	4
3041	0	3044	0	1	0	2	4	2	2	4	2	0	0	0	0	4
3038	0	3041	0	1	0	2	4	2	2	4	2	0	0	0	0	4
3035	0	3038	0	1	0	2	4	2	2	4	2	0	0	0	0	4
3032	0	3035	0	1	0	2	4	2	2	4	2	0	0	0	0	4
3029	0	3032	0	1	0	2	4	2	2	4	2	0	0	0	0	4
3026	0	3029	0	1	0	2	4	2	2	4	2	0	0	0	0	4
3023	0	3026	0	1	0	2	4	2	2	4	2	0	0	0	0	4
3020	0	3023	0	1	0	2	4	2	2	4	2	0	0	0	0	4
3017	0	3020	0	1	0	2	4	2	2	4	2	0	0	0	0	4
3014	0	3017	0	1	0	2	4	2	2	4	2	0	0	0	0	4
3011	0	3014	0	1	0	2	4	2	2	4	2	0	0	0	0	4
3008	0	3011	0	1	0	2	4	2	2	4	2	0	0	0	0	4
3006	0	3008	0	1	0	1	3	1	1	3	1	0	0	0	0	3
3003	0	3006	0	1	0	2	4	2	2	4	2	0	0	0	0	4
3000	0	3003	0	1	0	2	4	2	2	4	2	0	0	0	0	4
2997	0	3000	0	1	0	2	4	2	2	4	2	0	0	0	0	4
2994	0	2997	0	1	0	2	4	2	2	4	2	0	0	0	0	4
2991	0	2994	0	1	0	2	4	2	2	4	2	0	0	0	0	4
2988	0	2991	0	1	0	2	4	2	2	4	2	0	0	0	0	4
2985	0	2988	0	1	0	2	4	2	2	4	2	0	0	0	0	4
2982	0	2985	0	1	0	2	4	2	2	4	2	0	0	0	0	4
2979	0	2982	0	1	0	2	4	2	2	4	2	0	0	0	0	4
2976	0	2979	0	1	0	2	4	2	2	4	2	0	0	0	0	4
2973	0	2976	0	1	0	2	4	2	2	4	2	0	0	0	0	4
2970	0	2973	0	1	0	2	4	2	2	4	2	0	0	0	0	4
2967	0	2970	0	1	0	2	4	2	2	4	2	0	0	0	0	4
2964	0	2967	0	1	0	2	4	2	2	4	2	0	0	0	0	4
2961	0	2964	0	1	0	2	5	10	2	5	10	0	0	0	0	4
2958	0	2961	0	1	0	2	4	2	2	4	2	0	0	0	0	4
2955	0	2958	0	1	0	2	4	2	2	4	2	0	0	0	0	4
2952	0	2955	0	1	0	2	4	2	2	4	2	0	0	0	0	4
2949	0	2952	0	1	0	2	4	2	2	4	2	0	0	0	0	4
2946	0	2949	0	1	0	2	4	2	2	4	2	0	0	0	0	4
2941	0	2946	0	1	0	4	7	4	4	7	4	0	0	0	0	6
2938	0	2941	0	1	0	2	4	2	2	4	2	0	0	0	0	4
2935	0	2938	0	1	0	2	4	2	2	4	2	0	0	0	0	4
2932	0	2935	0	1	0	2	4	2	2	4	2	0	0	0	0	4
2929	0	2932	0	1	0	2	4	2	2	4	2	0	0	0	0	4
2926	0	2929	0	1	0	2	4	2	2	4	2	0	0	0	0	4
2923	0	2926	0	1	0	2	4	2	2	4	2	0	0	0	0	4
2920	0	2923	0	1	0	2	4	2	2	4	2	0	0	0	0	4
2917	0	2920	0	1	0	2	4	2	2	4	2	0	0	0	0	4
2914	0	2917	0	1	0	2	4	2	2	4	2	0	0	0	0	4
2911	0	2914	0	1	0	2	4	2	2	4	2	0	0	0	0	4
2908	0	2911	0	1	0	2	4	2	2	4	2	0	0	0	0	4
2905	0	2908	0	1	0	2	4	2	2	4	2	0	0	0	0	4
2902	0	2905	0	1	0	2	4	2	2	4	2	0	0	0	0	4
2899	0	2902	0	1	0	2	4	2	2	4	2	0	0	0	0	4
2896	0	2899	0	1	0	2	4	2	2	4	2	0	0	0	0	4
2893	0	2896	0	1	0	2	5	4	2	5	4	0	0	0	0	4
2891	0	2893	0	1	0	1	3	2	1	3	2	0	0	0	0	3
2889	0	2891	0	1	0	1	3	3	1	3	3	0	0	0	0	3
2886	0	2889	0	1	0	2	4	2	2	4	2	0	0	0	0	4
2883	0	2886	0	1	0	2	4	2	2	4	2	0	0	0	0	4
2879	0	2883	0	1	0	3	7	3	3	7	3	0	0	0	0	5
2876	0	2879	0	1	0	2	4	2	2	4	2	0	0	0	0	4
2874	0	2876	0	1	0	1	3	1	1	3	1	0	0	0	0	3
2871	0	2874	0	1	0	2	4	2	2	4	2	0	0	0	0	4
2868	0	2871	0	1	0	2	4	2	2	4	2	0	0	0	0	4
2865	0	2868	0	1	0	2	4	2	2	4	2	0	0	0	0	4
2862	0	2865	0	1	0	2	4	2	2	4	2	0	0	0	0	4
2859	0	2862	0	1	0	2	4	2	2	4	2	0	0	0	0	4
2856	0	2859	0	1	0	2	4	2	2	4	2	0	0	0	0	4
2853	0	2856	0	1	0	2	4	2	2	4	2	0	0	0	0	4
2851	0	2853	0	1	0	1	3	1	1	3	1	0	0	0	0	3
2847	0	2851	0	1	0	3	6	6	3	6	6	0	0	0	0	5
2845	0	2847	0	1	0	1	3	2	1	3	2	0	0	0	0	3
2843	0	2845	0	1	0	1	3	3	1	3	3	0	0	0	0	3
2839	0	2843	0	1	0	3	6	3	3	6	3	0	0	0	0	5
2831	0	2839	0	1	0	5	7	11	7	11	13	0	1	1	1	6
2835	0	2838	0	1	0	2	4	2	2	4	2	1	0	0	0	4
2829	0	2831	0	1	0	1	3	5	1	3	5	0	0	0	0	3
2812	0	2829	0	1	0	11	15	48	16	26	57	0	3	1	3	10
2821	0	2824	0	1	0	2	4	2	2	4	2	1	0	0	0	4
2819	0	2821	0	1	0	1	3	5	1	3	5	1	0	0	0	3
2816	0	2819	0	1	0	2	4	2	2	4	2	1	0	0	0	4
2796	0	2812	0	1	0	5	3	42	15	24	150	0	4	1	4	3
2809	0	2811	0	1	0	1	3	42	1	3	42	1	0	0	0	3
2804	0	2809	0	1	0	4	7	4	4	7	4	1	0	0	0	6
2802	0	2804	0	1	0	1	3	4	1	3	4	1	0	0	0	3
2797	0	2802	0	1	0	4	8	58	4	8	58	1	0	0	0	6
2792	0	2796	0	1	0	3	7	4	3	7	4	0	0	0	0	5
2789	0	2792	0	1	0	2	4	2	2	4	2	0	0	0	0	4
2787	0	2789	0	1	0	1	3	1	1	3	1	0	0	0	0	3
2784	0	2787	0	1	0	2	4	2	2	4	2	0	0	0	0	4
2781	0	2784	0	1	0	2	4	2	2	4	2	0	0	0	0	4
2778	0	2781	0	1	0	2	4	2	2	4	2	0	0	0	0	4
2775	0	2778	0	1	0	2	4	2	2	4	2	0	0	0	0	4
2773	0	2775	0	1	0	1	3	1	1	3	1	0	0	0	0	3
2770	0	2773	0	1	0	2	4	2	2	4	2	0	0	0	0	4
2767	0	2770	0	1	0	2	5	2	2	5	2	0	0	0	0	4
2764	0	2767	0	1	0	2	4	2	2	4	2	0	0	0	0	4
2761	0	2764	0	1	0	2	4	2	2	4	2	0	0	0	0	4
2758	0	2761	0	1	0	2	4	2	2	4	2	0	0	0	0	4
2755	0	2758	0	1	0	2	4	2	2	4	2	0	0	0	0	4
2752	0	2755	0	1	0	2	4	2	2	4	2	0	0	0	0	4
2749	0	2752	0	1	0	2	4	2	2	4	2	0	0	0	0	4
2746	0	2749	0	1	0	2	4	2	2	4	2	0	0	0	0	4
2743	0	2746	0	1	0	2	4	2	2	4	2	0	0	0	0	4
2740	0	2743	0	1	0	2	4	2	2	4	2	0	0	0	0	4
2737	0	2740	0	1	0	2	4	2	2	4	2	0	0	0	0	4
2734	0	2737	0	1	0	2	4	2	2	4	2	0	0	0	0	4
2731	0	2734	0	1	0	2	4	2	2	4	2	0	0	0	0	4
2728	0	2731	0	1	0	2	4	2	2	4	2	0	0	0	0	4
2725	0	2728	0	1	0	2	4	2	2	4	2	0	0	0	0	4
2722	0	2725	0	1	0	2	4	2	2	4	2	0	0	0	0	4
2719	0	2722	0	1	0	2	4	2	2	4	2	0	0	0	0	4
2716	0	2719	0	1	0	2	4	2	2	4	2	0	0	0	0	4
2713	0	2716	0	1	0	2	4	2	2	4	2	0	0	0	0	4
1545	0	2713	0	0	0	365	4	5110	1167	1593	6002	0	363	2	79,284	4
2709	0	2712	0	1	0	2	4	2	2	4	2	1	0	0	0	4
2706	0	2709	0	1	0	2	4	2	2	4	2	1	0	0	0	4
2703	0	2706	0	1	0	2	4	2	2	4	2	1	0	0	0	4
2701	0	2703	0	1	0	1	3	2	1	3	2	1	0	0	0	3
2698	0	2701	0	1	0	2	4	2	2	4	2	1	0	0	0	4
2695	0	2698	0	1	0	2	4	2	2	4	2	1	0	0	0	4
2692	0	2695	0	1	0	2	4	2	2	4	2	1	0	0	0	4
2689	0	2692	0	1	0	2	4	2	2	4	2	1	0	0	0	4
2686	0	2689	0	1	0	2	4	2	2	4	2	1	0	0	0	4
2683	0	2686	0	1	0	2	4	2	2	4	2	1	0	0	0	4
2680	0	2683	0	1	0	2	4	2	2	4	2	1	0	0	0	4
2677	0	2680	0	1	0	2	4	2	2	4	2	1	0	0	0	4
2674	0	2677	0	1	0	2	4	2	2	4	2	1	0	0	0	4
2671	0	2674	0	1	0	2	4	2	2	4	2	1	0	0	0	4
2668	0	2671	0	1	0	2	4	2	2	4	2	1	0	0	0	4
2665	0	2668	0	1	0	2	4	2	2	4	2	1	0	0	0	4
2662	0	2665	0	1	0	2	4	2	2	4	2	1	0	0	0	4
2659	0	2662	0	1	0	2	4	2	2	4	2	1	0	0	0	4
2656	0	2659	0	1	0	2	4	2	2	4	2	1	0	0	0	4
2653	0	2656	0	1	0	2	4	2	2	4	2	1	0	0	0	4
2650	0	2653	0	1	0	2	4	2	2	4	2	1	0	0	0	4
2648	0	2650	0	1	0	1	3	4	1	3	4	1	0	0	0	3
2646	0	2648	0	1	0	1	3	1	1	3	1	1	0	0	0	3
2643	0	2646	0	1	0	2	4	2	2	4	2	1	0	0	0	4
2640	0	2643	0	1	0	2	4	2	2	4	2	1	0	0	0	4
2637	0	2640	0	1	0	2	4	2	2	4	2	1	0	0	0	4
2634	0	2637	0	1	0	2	4	2	2	4	2	1	0	0	0	4
2631	0	2634	0	1	0	2	4	2	2	4	2	1	0	0	0	4
2628	0	2631	0	1	0	2	4	2	2	4	2	1	0	0	0	4
2625	0	2628	0	1	0	2	4	2	2	4	2	1	0	0	0	4
2621	0	2625	0	1	0	3	6	7	3	6	7	1	0	0	0	5
2597	0	2621	0	1	0	23	43	27	23	43	27	1	0	0	0	25
2593	0	2597	0	1	0	3	6	6	3	6	6	1	0	0	0	5
2590	0	2593	0	1	0	2	4	2	2	4	2	1	0	0	0	4
2587	0	2590	0	1	0	2	4	2	2	4	2	1	0	0	0	4
2584	0	2587	0	1	0	2	4	2	2	4	2	1	0	0	0	4
2581	0	2584	0	1	0	2	4	2	2	4	2	1	0	0	0	4
2578	0	2581	0	1	0	2	4	2	2	4	2	1	0	0	0	4
2575	0	2578	0	1	0	2	4	2	2	4	2	1	0	0	0	4
2570	0	2575	0	1	0	4	7	8	4	7	8	1	0	0	0	6
2567	0	2570	0	1	0	2	4	2	2	4	2	1	0	0	0	4
2564	0	2567	0	1	0	2	5	2	2	5	2	1	0	0	0	4
2561	0	2564	0	1	0	2	4	2	2	4	2	1	0	0	0	4
2558	0	2561	0	1	0	2	4	2	2	4	2	1	0	0	0	4
2555	0	2558	0	1	0	2	4	2	2	4	2	1	0	0	0	4
2552	0	2555	0	1	0	2	4	2	2	4	2	1	0	0	0	4
2549	0	2552	0	1	0	2	4	2	2	4	2	1	0	0	0	4
2545	0	2549	0	1	0	3	6	3	3	6	3	1	0	0	0	5
2542	0	2545	0	1	0	2	4	2	2	4	2	1	0	0	0	4
2539	0	2542	0	1	0	2	4	2	2	4	2	1	0	0	0	4
2536	0	2539	0	1	0	2	4	2	2	4	2	1	0	0	0	4
2533	0	2536	0	1	0	2	4	2	2	4	2	1	0	0	0	4
2530	0	2533	0	1	0	2	4	2	2	4	2	1	0	0	0	4
2527	0	2530	0	1	0	2	4	2	2	4	2	1	0	0	0	4
2524	0	2527	0	1	0	2	4	2	2	4	2	1	0	0	0	4
2521	0	2524	0	1	0	2	4	2	2	4	2	1	0	0	0	4
2518	0	2521	0	1	0	2	4	2	2	4	2	1	0	0	0	4
2515	0	2518	0	1	0	2	4	2	2	4	2	1	0	0	0	4
2512	0	2515	0	1	0	2	4	2	2	4	2	1	0	0	0	4
2510	0	2512	0	1	0	1	3	3	1	3	3	1	0	0	0	3
2507	0	2510	0	1	0	2	4	2	2	4	2	1	0	0	0	4
2504	0	2507	0	1	0	2	4	2	2	4	2	1	0	0	0	4
2501	0	2504	0	1	0	2	4	2	2	4	2	1	0	0	0	4
2498	0	2501	0	1	0	2	4	2	2	4	2	1	0	0	0	4
2496	0	2498	0	1	0	1	3	4	1	3	4	1	0	0	0	3
2493	0	2496	0	1	0	2	4	2	2	4	2	1	0	0	0	4
2490	0	2493	0	1	0	2	4	2	2	4	2	1	0	0	0	4
2487	0	2490	0	1	0	2	4	2	2	4	2	1	0	0	0	4
2484	0	2487	0	1	0	2	4	2	2	4	2	1	0	0	0	4
2481	0	2484	0	1	0	2	4	2	2	4	2	1	0	0	0	4
2478	0	2481	0	1	0	2	4	2	2	4	2	1	0	0	0	4
2475	0	2478	0	1	0	2	4	2	2	4	2	1	0	0	0	4
2472	0	2475	0	1	0	2	4	2	2	4	2	1	0	0	0	4
2469	0	2472	0	1	0	2	4	2	2	4	2	1	0	0	0	4
2466	0	2469	0	1	0	2	4	2	2	4	2	1	0	0	0	4
2463	0	2466	0	1	0	2	4	2	2	4	2	1	0	0	0	4
2460	0	2463	0	1	0	2	4	2	2	4	2	1	0	0	0	4
2457	0	2460	0	1	0	2	4	2	2	4	2	1	0	0	0	4
2454	0	2457	0	1	0	2	4	2	2	4	2	1	0	0	0	4
2450	0	2453	0	1	0	2	4	2	2	4	2	1	0	0	0	4
2444	0	2450	0	1	0	5	9	5	5	9	5	1	0	0	0	7
2441	0	2444	0	1	0	2	4	2	2	4	2	1	0	0	0	4
2438	0	2441	0	1	0	2	4	2	2	4	2	1	0	0	0	4
2435	0	2438	0	1	0	2	4	2	2	4	2	1	0	0	0	4
2432	0	2435	0	1	0	2	4	2	2	4	2	1	0	0	0	4
2429	0	2432	0	1	0	2	4	2	2	4	2	1	0	0	0	4
2426	0	2429	0	1	0	2	4	2	2	4	2	1	0	0	0	4
2421	0	2426	0	1	0	4	7	4	4	7	4	1	0	0	0	6
2418	0	2421	0	1	0	2	4	2	2	4	2	1	0	0	0	4
2415	0	2418	0	1	0	2	4	4	2	4	4	1	0	0	0	4
2413	0	2415	0	1	0	1	3	1	1	3	1	1	0	0	0	3
2410	0	2413	0	1	0	2	4	2	2	4	2	1	0	0	0	4
2407	0	2410	0	1	0	2	4	2	2	4	2	1	0	0	0	4
2404	0	2407	0	1	0	2	4	2	2	4	2	1	0	0	0	4
2401	0	2404	0	1	0	2	4	2	2	4	2	1	0	0	0	4
2396	0	2401	0	1	0	2	3	7	4	7	9	1	1	1	1	3
2397	0	2400	0	1	0	2	4	2	2	4	2	2	0	0	0	4
2393	0	2396	0	1	0	2	4	2	2	4	2	1	0	0	0	4
2390	0	2393	0	1	0	2	4	2	2	4	2	1	0	0	0	4
2387	0	2390	0	1	0	2	4	2	2	4	2	1	0	0	0	4
2382	0	2387	0	1	0	4	7	4	4	7	4	1	0	0	0	6
2379	0	2382	0	1	0	2	4	2	2	4	2	1	0	0	0	4
2376	0	2379	0	1	0	2	4	2	2	4	2	1	0	0	0	4
2373	0	2376	0	1	0	2	4	2	2	4	2	1	0	0	0	4
2370	0	2373	0	1	0	2	4	2	2	4	2	1	0	0	0	4
2367	0	2370	0	1	0	2	4	2	2	4	2	1	0	0	0	4
2364	0	2367	0	1	0	2	4	2	2	4	2	1	0	0	0	4
2361	0	2364	0	1	0	2	4	4	2	4	4	1	0	0	0	4
2356	0	2361	0	1	0	4	7	4	4	7	4	1	0	0	0	6
2353	0	2356	0	1	0	2	4	2	2	4	2	1	0	0	0	4
2350	0	2353	0	1	0	2	4	2	2	4	2	1	0	0	0	4
2347	0	2350	0	1	0	2	4	4	2	4	4	1	0	0	0	4
2345	0	2347	0	1	0	1	3	15	1	3	15	1	0	0	0	3
2342	0	2345	0	1	0	2	4	2	2	4	2	1	0	0	0	4
2339	0	2342	0	1	0	2	4	2	2	4	2	1	0	0	0	4
2336	0	2339	0	1	0	2	4	4	2	4	4	1	0	0	0	4
2333	0	2336	0	1	0	2	4	2	2	4	2	1	0	0	0	4
2330	0	2333	0	1	0	2	4	2	2	4	2	1	0	0	0	4
2327	0	2330	0	1	0	2	4	2	2	4	2	1	0	0	0	4
2323	0	2327	0	1	0	3	6	3	3	6	3	1	0	0	0	5
2320	0	2323	0	1	0	2	4	2	2	4	2	1	0	0	0	4
2316	0	2320	0	1	0	3	6	3	3	6	3	1	0	0	0	5
2313	0	2316	0	1	0	2	4	2	2	4	2	1	0	0	0	4
2310	0	2313	0	1	0	2	4	2	2	4	2	1	0	0	0	4
2307	0	2310	0	1	0	2	4	2	2	4	2	1	0	0	0	4
2304	0	2307	0	1	0	2	4	2	2	4	2	1	0	0	0	4
2298	0	2304	0	1	0	5	9	5	5	9	5	1	0	0	0	7
2295	0	2298	0	1	0	2	4	2	2	4	2	1	0	0	0	4
2292	0	2295	0	1	0	2	4	2	2	4	2	1	0	0	0	4
2289	0	2292	0	1	0	2	4	2	2	4	2	1	0	0	0	4
2286	0	2289	0	1	0	2	4	2	2	4	2	1	0	0	0	4
2283	0	2286	0	1	0	2	4	2	2	4	2	1	0	0	0	4
2280	0	2283	0	1	0	2	4	2	2	4	2	1	0	0	0	4
2277	0	2280	0	1	0	2	4	2	2	4	2	1	0	0	0	4
2274	0	2277	0	1	0	2	4	2	2	4	2	1	0	0	0	4
2271	0	2274	0	1	0	2	4	2	2	4	2	1	0	0	0	4
2268	0	2271	0	1	0	2	4	2	2	4	2	1	0	0	0	4
2265	0	2268	0	1	0	2	4	2	2	4	2	1	0	0	0	4
2262	0	2265	0	1	0	2	5	2	2	5	2	1	0	0	0	4
2257	0	2262	0	1	0	4	7	4	4	7	4	1	0	0	0	6
2254	0	2257	0	1	0	2	4	2	2	4	2	1	0	0	0	4
2251	0	2254	0	1	0	2	4	2	2	4	2	1	0	0	0	4
2248	0	2251	0	1	0	2	4	2	2	4	2	1	0	0	0	4
2245	0	2248	0	1	0	2	4	2	2	4	2	1	0	0	0	4
2242	0	2245	0	1	0	2	4	2	2	4	2	1	0	0	0	4
2239	0	2242	0	1	0	2	4	2	2	4	2	1	0	0	0	4
2236	0	2239	0	1	0	2	4	2	2	4	2	1	0	0	0	4
2233	0	2236	0	1	0	2	4	2	2	4	2	1	0	0	0	4
2230	0	2233	0	1	0	2	4	2	2	4	2	1	0	0	0	4
2227	0	2230	0	1	0	2	4	2	2	4	2	1	0	0	0	4
2225	0	2227	0	1	0	1	3	1	1	3	1	1	0	0	0	3
2222	0	2225	0	1	0	2	4	2	2	4	2	1	0	0	0	4
2219	0	2222	0	1	0	2	4	2	2	4	2	1	0	0	0	4
2216	0	2219	0	1	0	2	4	2	2	4	2	1	0	0	0	4
2211	0	2216	0	1	0	4	7	4	4	7	4	1	0	0	0	6
2208	0	2211	0	1	0	2	4	2	2	4	2	1	0	0	0	4
2205	0	2208	0	1	0	2	4	2	2	4	2	1	0	0	0	4
2202	0	2205	0	1	0	2	4	2	2	4	2	1	0	0	0	4
2199	0	2202	0	1	0	2	4	2	2	4	2	1	0	0	0	4
2196	0	2199	0	1	0	2	4	2	2	4	2	1	0	0	0	4
2193	0	2196	0	1	0	2	4	2	2	4	2	1	0	0	0	4
2190	0	2193	0	1	0	2	4	2	2	4	2	1	0	0	0	4
2186	0	2190	0	1	0	3	6	3	3	6	3	1	0	0	0	5
2183	0	2186	0	1	0	2	4	2	2	4	2	1	0	0	0	4
2179	0	2183	0	1	0	3	6	3	3	6	3	1	0	0	0	5
2176	0	2179	0	1	0	2	4	2	2	4	2	1	0	0	0	4
2173	0	2176	0	1	0	2	4	2	2	4	2	1	0	0	0	4
2170	0	2173	0	1	0	2	4	2	2	4	2	1	0	0	0	4
2167	0	2170	0	1	0	2	4	2	2	4	2	1	0	0	0	4
2164	0	2167	0	1	0	2	4	2	2	4	2	1	0	0	0	4
2161	0	2164	0	1	0	2	4	2	2	4	2	1	0	0	0	4
2158	0	2161	0	1	0	2	4	2	2	4	2	1	0	0	0	4
2155	0	2158	0	1	0	2	4	2	2	4	2	1	0	0	0	4
2152	0	2155	0	1	0	2	4	2	2	4	2	1	0	0	0	4
2149	0	2152	0	1	0	2	4	4	2	4	4	1	0	0	0	4
2146	0	2149	0	1	0	2	4	2	2	4	2	1	0	0	0	4
2143	0	2146	0	1	0	2	4	2	2	4	2	1	0	0	0	4
2138	0	2143	0	1	0	4	7	4	4	7	4	1	0	0	0	6
2135	0	2138	0	1	0	2	4	4	2	4	4	1	0	0	0	4
2132	0	2135	0	1	0	2	4	2	2	4	2	1	0	0	0	4
2129	0	2132	0	1	0	2	4	2	2	4	2	1	0	0	0	4
2126	0	2129	0	1	0	2	4	2	2	4	2	1	0	0	0	4
2121	0	2126	0	1	0	4	7	10	4	7	10	1	0	0	0	6
2118	0	2121	0	1	0	2	4	2	2	4	2	1	0	0	0	4
2115	0	2118	0	1	0	2	4	2	2	4	2	1	0	0	0	4
2112	0	2115	0	1	0	2	4	2	2	4	2	1	0	0	0	4
2109	0	2112	0	1	0	2	4	2	2	4	2	1	0	0	0	4
2106	0	2109	0	1	0	2	4	2	2	4	2	1	0	0	0	4
2103	0	2106	0	1	0	2	4	2	2	4	2	1	0	0	0	4
2100	0	2103	0	1	0	2	4	6	2	4	6	1	0	0	0	4
2097	0	2100	0	1	0	2	4	2	2	4	2	1	0	0	0	4
2094	0	2097	0	1	0	2	4	2	2	4	2	1	0	0	0	4
2091	0	2094	0	1	0	2	4	2	2	4	2	1	0	0	0	4
2088	0	2091	0	1	0	2	4	2	2	4	2	1	0	0	0	4
2085	0	2088	0	1	0	2	4	2	2	4	2	1	0	0	0	4
2082	0	2085	0	1	0	2	4	2	2	4	2	1	0	0	0	4
2079	0	2082	0	1	0	2	4	2	2	4	2	1	0	0	0	4
2076	0	2079	0	1	0	2	4	2	2	4	2	1	0	0	0	4
2073	0	2076	0	1	0	2	4	2	2	4	2	1	0	0	0	4
2070	0	2073	0	1	0	2	4	2	2	4	2	1	0	0	0	4
2067	0	2070	0	1	0	2	4	2	2	4	2	1	0	0	0	4
2064	0	2067	0	1	0	2	4	2	2	4	2	1	0	0	0	4
2061	0	2064	0	1	0	2	4	2	2	4	2	1	0	0	0	4
2058	0	2061	0	1	0	2	4	2	2	4	2	1	0	0	0	4
2055	0	2058	0	1	0	2	4	2	2	4	2	1	0	0	0	4
2052	0	2055	0	1	0	2	4	2	2	4	2	1	0	0	0	4
2049	0	2052	0	1	0	2	4	2	2	4	2	1	0	0	0	4
2044	0	2049	0	1	0	4	7	5	4	7	5	1	0	0	0	6
2042	0	2044	0	1	0	1	3	1	1	3	1	1	0	0	0	3
2039	0	2042	0	1	0	2	4	2	2	4	2	1	0	0	0	4
2036	0	2039	0	1	0	2	4	2	2	4	2	1	0	0	0	4
2031	0	2036	0	1	0	4	7	4	4	7	4	1	0	0	0	6
2028	0	2031	0	1	0	2	4	2	2	4	2	1	0	0	0	4
2025	0	2028	0	1	0	2	4	2	2	4	2	1	0	0	0	4
2022	0	2025	0	1	0	2	4	2	2	4	2	1	0	0	0	4
2019	0	2022	0	1	0	2	4	2	2	4	2	1	0	0	0	4
2016	0	2019	0	1	0	2	4	2	2	4	2	1	0	0	0	4
2013	0	2016	0	1	0	2	4	2	2	4	2	1	0	0	0	4
2010	0	2013	0	1	0	2	4	2	2	4	2	1	0	0	0	4
2007	0	2010	0	1	0	2	4	2	2	4	2	1	0	0	0	4
2004	0	2007	0	1	0	2	4	2	2	4	2	1	0	0	0	4
2001	0	2004	0	1	0	2	4	2	2	4	2	1	0	0	0	4
1996	0	2001	0	1	0	4	7	4	4	7	4	1	0	0	0	6
1993	0	1996	0	1	0	2	4	2	2	4	2	1	0	0	0	4
1990	0	1993	0	1	0	2	4	2	2	4	2	1	0	0	0	4
1987	0	1990	0	1	0	2	4	2	2	4	2	1	0	0	0	4
1984	0	1987	0	1	0	2	4	2	2	4	2	1	0	0	0	4
1979	0	1984	0	1	0	4	7	4	4	7	4	1	0	0	0	6
1976	0	1979	0	1	0	2	4	2	2	4	2	1	0	0	0	4
1973	0	1976	0	1	0	2	4	2	2	4	2	1	0	0	0	4
1970	0	1973	0	1	0	2	4	6	2	4	6	1	0	0	0	4
1966	0	1970	0	1	0	3	6	3	3	6	3	1	0	0	0	5
1963	0	1966	0	1	0	2	4	2	2	4	2	1	0	0	0	4
1960	0	1963	0	1	0	2	4	2	2	4	2	1	0	0	0	4
1957	0	1960	0	1	0	2	4	2	2	4	2	1	0	0	0	4
1954	0	1957	0	1	0	2	4	2	2	4	2	1	0	0	0	4
1951	0	1954	0	1	0	2	4	2	2	4	2	1	0	0	0	4
1948	0	1951	0	1	0	2	4	2	2	4	2	1	0	0	0	4
1945	0	1948	0	1	0	2	4	2	2	4	2	1	0	0	0	4
1940	0	1945	0	1	0	4	7	4	4	7	4	1	0	0	0	6
1937	0	1940	0	1	0	2	4	2	2	4	2	1	0	0	0	4
1934	0	1937	0	1	0	2	4	2	2	4	2	1	0	0	0	4
1931	0	1934	0	1	0	2	4	2	2	4	2	1	0	0	0	4
1928	0	1931	0	1	0	2	4	2	2	4	2	1	0	0	0	4
1925	0	1928	0	1	0	2	4	2	2	4	2	1	0	0	0	4
1922	0	1925	0	1	0	2	4	2	2	4	2	1	0	0	0	4
1919	0	1922	0	1	0	2	4	2	2	4	2	1	0	0	0	4
1917	0	1919	0	1	0	1	3	3	1	3	3	1	0	0	0	3
1914	0	1917	0	1	0	2	4	2	2	4	2	1	0	0	0	4
1911	0	1914	0	1	0	2	4	2	2	4	2	1	0	0	0	4
1908	0	1911	0	1	0	2	4	2	2	4	2	1	0	0	0	4
1905	0	1908	0	1	0	2	4	2	2	4	2	1	0	0	0	4
1903	0	1905	0	1	0	1	3	1	1	3	1	1	0	0	0	3
1900	0	1903	0	1	0	2	4	2	2	4	2	1	0	0	0	4
1897	0	1900	0	1	0	2	4	2	2	4	2	1	0	0	0	4
1894	0	1897	0	1	0	2	4	2	2	4	2	1	0	0	0	4
1891	0	1894	0	1	0	2	4	2	2	4	2	1	0	0	0	4
1884	0	1891	0	1	0	6	10	6	6	10	6	1	0	0	0	8
1880	0	1884	0	1	0	3	6	3	3	6	3	1	0	0	0	5
1877	0	1880	0	1	0	2	4	2	2	4	2	1	0	0	0	4
1874	0	1877	0	1	0	2	4	2	2	4	2	1	0	0	0	4
1871	0	1874	0	1	0	2	4	2	2	4	2	1	0	0	0	4
1866	0	1871	0	1	0	4	7	4	4	7	4	1	0	0	0	6
1863	0	1866	0	1	0	2	4	2	2	4	2	1	0	0	0	4
1860	0	1863	0	1	0	2	4	2	2	4	2	1	0	0	0	4
1857	0	1860	0	1	0	2	4	4	2	4	4	1	0	0	0	4
1854	0	1857	0	1	0	2	4	2	2	4	2	1	0	0	0	4
1851	0	1854	0	1	0	2	4	2	2	4	2	1	0	0	0	4
1846	0	1851	0	1	0	4	7	4	4	7	4	1	0	0	0	6
1842	0	1846	0	1	0	3	6	3	3	6	3	1	0	0	0	5
1839	0	1842	0	1	0	2	4	2	2	4	2	1	0	0	0	4
1836	0	1839	0	1	0	2	4	2	2	4	2	1	0	0	0	4
1833	0	1836	0	1	0	2	4	2	2	4	2	1	0	0	0	4
1830	0	1833	0	1	0	2	4	2	2	4	2	1	0	0	0	4
1827	0	1830	0	1	0	2	4	2	2	4	2	1	0	0	0	4
1824	0	1827	0	1	0	2	4	2	2	4	2	1	0	0	0	4
1821	0	1824	0	1	0	2	4	2	2	4	2	1	0	0	0	4
1818	0	1821	0	1	0	2	4	2	2	4	2	1	0	0	0	4
1815	0	1818	0	1	0	2	4	2	2	4	2	1	0	0	0	4
1812	0	1815	0	1	0	2	4	4	2	4	4	1	0	0	0	4
1809	0	1812	0	1	0	2	4	2	2	4	2	1	0	0	0	4
1806	0	1809	0	1	0	2	4	2	2	4	2	1	0	0	0	4
1804	0	1806	0	1	0	1	3	1	1	3	1	1	0	0	0	3
1801	0	1804	0	1	0	2	4	2	2	4	2	1	0	0	0	4
1798	0	1801	0	1	0	2	4	4	2	4	4	1	0	0	0	4
1795	0	1798	0	1	0	2	4	2	2	4	2	1	0	0	0	4
1792	0	1795	0	1	0	2	4	2	2	4	2	1	0	0	0	4
1789	0	1792	0	1	0	2	4	2	2	4	2	1	0	0	0	4
1785	0	1789	0	1	0	3	6	3	3	6	3	1	0	0	0	5
1782	0	1785	0	1	0	2	4	2	2	4	2	1	0	0	0	4
1779	0	1782	0	1	0	2	4	2	2	4	2	1	0	0	0	4
1776	0	1779	0	1	0	2	4	2	2	4	2	1	0	0	0	4
1773	0	1776	0	1	0	2	4	2	2	4	2	1	0	0	0	4
1770	0	1773	0	1	0	2	4	4	2	4	4	1	0	0	0	4
1767	0	1770	0	1	0	2	4	4	2	4	4	1	0	0	0	4
1764	0	1767	0	1	0	2	4	2	2	4	2	1	0	0	0	4
1761	0	1764	0	1	0	2	4	2	2	4	2	1	0	0	0	4
1758	0	1761	0	1	0	2	4	2	2	4	2	1	0	0	0	4
1755	0	1758	0	1	0	2	4	2	2	4	2	1	0	0	0	4
1752	0	1755	0	1	0	2	4	2	2	4	2	1	0	0	0	4
1749	0	1752	0	1	0	2	4	2	2	4	2	1	0	0	0	4
1746	0	1749	0	1	0	2	4	2	2	4	2	1	0	0	0	4
1743	0	1746	0	1	0	2	4	2	2	4	2	1	0	0	0	4
1740	0	1743	0	1	0	2	4	2	2	4	2	1	0	0	0	4
1737	0	1740	0	1	0	2	4	2	2	4	2	1	0	0	0	4
1734	0	1737	0	1	0	2	4	2	2	4	2	1	0	0	0	4
1731	0	1734	0	1	0	2	4	2	2	4	2	1	0	0	0	4
1728	0	1731	0	1	0	2	4	2	2	4	2	1	0	0	0	4
1725	0	1728	0	1	0	2	4	4	2	4	4	1	0	0	0	4
1722	0	1725	0	1	0	2	4	2	2	4	2	1	0	0	0	4
1719	0	1722	0	1	0	2	4	2	2	4	2	1	0	0	0	4
1716	0	1719	0	1	0	2	4	2	2	4	2	1	0	0	0	4
1713	0	1716	0	1	0	2	4	2	2	4	2	1	0	0	0	4
1707	0	1713	0	1	0	5	9	5	5	9	5	1	0	0	0	7
1704	0	1707	0	1	0	2	4	2	2	4	2	1	0	0	0	4
1701	0	1704	0	1	0	2	4	2	2	4	2	1	0	0	0	4
1698	0	1701	0	1	0	2	4	2	2	4	2	1	0	0	0	4
1695	0	1698	0	1	0	2	4	2	2	4	2	1	0	0	0	4
1692	0	1695	0	1	0	2	4	2	2	4	2	1	0	0	0	4
1689	0	1692	0	1	0	2	4	2	2	4	2	1	0	0	0	4
1686	0	1689	0	1	0	2	4	2	2	4	2	1	0	0	0	4
1683	0	1686	0	1	0	2	4	2	2	4	2	1	0	0	0	4
1680	0	1683	0	1	0	2	4	2	2	4	2	1	0	0	0	4
1675	0	1680	0	1	0	4	7	4	4	7	4	1	0	0	0	6
1672	0	1675	0	1	0	2	4	2	2	4	2	1	0	0	0	4
1669	0	1672	0	1	0	2	4	2	2	4	2	1	0	0	0	4
1666	0	1669	0	1	0	2	4	2	2	4	2	1	0	0	0	4
1663	0	1666	0	1	0	2	4	4	2	4	4	1	0	0	0	4
1660	0	1663	0	1	0	2	4	2	2	4	2	1	0	0	0	4
1657	0	1660	0	1	0	2	4	2	2	4	2	1	0	0	0	4
1654	0	1657	0	1	0	2	4	2	2	4	2	1	0	0	0	4
1651	0	1654	0	1	0	2	4	2	2	4	2	1	0	0	0	4
1648	0	1651	0	1	0	2	4	2	2	4	2	1	0	0	0	4
1645	0	1648	0	1	0	2	4	2	2	4	2	1	0	0	0	4
1642	0	1645	0	1	0	2	4	2	2	4	2	1	0	0	0	4
1639	0	1642	0	1	0	2	4	4	2	4	4	1	0	0	0	4
1635	0	1639	0	1	0	3	6	3	3	6	3	1	0	0	0	5
1632	0	1635	0	1	0	2	4	2	2	4	2	1	0	0	0	4
1629	0	1632	0	1	0	2	4	2	2	4	2	1	0	0	0	4
1626	0	1629	0	1	0	2	4	2	2	4	2	1	0	0	0	4
1623	0	1626	0	1	0	2	4	2	2	4	2	1	0	0	0	4
1620	0	1623	0	1	0	2	4	2	2	4	2	1	0	0	0	4
1617	0	1620	0	1	0	2	4	2	2	4	2	1	0	0	0	4
1614	0	1617	0	1	0	2	4	2	2	4	2	1	0	0	0	4
1611	0	1614	0	1	0	2	4	2	2	4	2	1	0	0	0	4
1608	0	1611	0	1	0	2	4	2	2	4	2	1	0	0	0	4
1605	0	1608	0	1	0	2	4	2	2	4	2	1	0	0	0	4
1602	0	1605	0	1	0	2	4	2	2	4	2	1	0	0	0	4
1599	0	1602	0	1	0	2	4	4	2	4	4	1	0	0	0	4
1596	0	1599	0	1	0	2	4	2	2	4	2	1	0	0	0	4
1591	0	1596	0	1	0	4	7	4	4	7	4	1	0	0	0	6
1588	0	1591	0	1	0	2	4	2	2	4	2	1	0	0	0	4
1585	0	1588	0	1	0	2	4	2	2	4	2	1	0	0	0	4
1582	0	1585	0	1	0	2	4	2	2	4	2	1	0	0	0	4
1579	0	1582	0	1	0	2	4	2	2	4	2	1	0	0	0	4
1576	0	1579	0	1	0	2	4	2	2	4	2	1	0	0	0	4
1573	0	1576	0	1	0	2	4	2	2	4	2	1	0	0	0	4
1570	0	1573	0	1	0	2	4	2	2	4	2	1	0	0	0	4
1567	0	1570	0	1	0	2	4	2	2	4	2	1	0	0	0	4
1564	0	1567	0	1	0	2	4	2	2	4	2	1	0	0	0	4
1559	0	1564	0	1	0	4	7	4	4	7	4	1	0	0	0	6
1554	0	1559	0	1	0	4	7	4	4	7	4	1	0	0	0	6
1551	0	1554	0	1	0	2	4	2	2	4	2	1	0	0	0	4
1546	0	1551	0	1	0	4	7	4	4	7	4	1	0	0	0	6
1542	0	1545	0	1	0	2	4	2	2	4	2	0	0	0	0	4
1539	0	1542	0	1	0	2	4	2	2	4	2	0	0	0	0	4
1536	0	1539	0	1	0	2	4	2	2	4	2	0	0	0	0	4
1533	0	1536	0	1	0	2	4	2	2	4	2	0	0	0	0	4
1530	0	1533	0	1	0	2	4	2	2	4	2	0	0	0	0	4
1527	0	1530	0	1	0	2	4	2	2	4	2	0	0	0	0	4
1524	0	1527	0	1	0	2	4	2	2	4	2	0	0	0	0	4
1521	0	1524	0	1	0	2	4	2	2	4	2	0	0	0	0	4
1518	0	1521	0	1	0	2	4	2	2	4	2	0	0	0	0	4
1515	0	1518	0	1	0	2	4	2	2	4	2	0	0	0	0	4
1512	0	1515	0	1	0	2	4	2	2	4	2	0	0	0	0	4
1508	0	1512	0	1	0	3	7	10	3	7	10	0	0	0	0	5
1505	0	1508	0	1	0	2	4	2	2	4	2	0	0	0	0	4
1502	0	1505	0	1	0	2	4	2	2	4	2	0	0	0	0	4
1499	0	1502	0	1	0	2	4	2	2	4	2	0	0	0	0	4
1496	0	1499	0	1	0	2	4	2	2	4	2	0	0	0	0	4
1493	0	1496	0	1	0	2	4	2	2	4	2	0	0	0	0	4
1490	0	1493	0	1	0	2	4	2	2	4	2	0	0	0	0	4
1487	0	1490	0	1	0	2	4	2	2	4	2	0	0	0	0	4
1484	0	1487	0	1	0	2	4	2	2	4	2	0	0	0	0	4
1481	0	1484	0	1	0	2	4	2	2	4	2	0	0	0	0	4
1478	0	1481	0	1	0	2	4	2	2	4	2	0	0	0	0	4
1475	0	1478	0	1	0	2	4	2	2	4	2	0	0	0	0	4
1472	0	1475	0	1	0	2	4	2	2	4	2	0	0	0	0	4
1469	0	1472	0	1	0	2	4	2	2	4	2	0	0	0	0	4
1465	0	1469	0	1	0	3	7	8	3	7	8	0	0	0	0	5
1462	0	1465	0	1	0	2	4	2	2	4	2	0	0	0	0	4
1456	0	1462	0	1	0	5	11	5	5	11	5	0	0	0	0	7
1453	0	1456	0	1	0	2	4	2	2	4	2	0	0	0	0	4
1450	0	1453	0	1	0	2	4	2	2	4	2	0	0	0	0	4
1445	0	1450	0	1	0	4	7	4	4	7	4	0	0	0	0	6
1442	0	1445	0	1	0	2	4	2	2	4	2	0	0	0	0	4
1439	0	1442	0	1	0	2	4	2	2	4	2	0	0	0	0	4
1436	0	1439	0	1	0	2	4	2	2	4	2	0	0	0	0	4
1433	0	1436	0	1	0	2	4	2	2	4	2	0	0	0	0	4
1430	0	1433	0	1	0	2	4	2	2	4	2	0	0	0	0	4
1427	0	1430	0	1	0	2	4	2	2	4	2	0	0	0	0	4
1424	0	1427	0	1	0	2	4	2	2	4	2	0	0	0	0	4
1421	0	1424	0	1	0	2	4	2	2	4	2	0	0	0	0	4
1418	0	1421	0	1	0	2	4	2	2	4	2	0	0	0	0	4
1415	0	1418	0	1	0	2	4	2	2	4	2	0	0	0	0	4
1412	0	1415	0	1	0	2	4	2	2	4	2	0	0	0	0	4
1409	0	1412	0	1	0	2	4	2	2	4	2	0	0	0	0	4
1406	0	1409	0	1	0	2	4	2	2	4	2	0	0	0	0	4
1403	0	1406	0	1	0	2	4	2	2	4	2	0	0	0	0	4
1400	0	1403	0	1	0	2	4	2	2	4	2	0	0	0	0	4
1398	0	1400	0	1	0	1	3	1	1	3	1	0	0	0	0	3
1395	0	1398	0	1	0	2	4	2	2	4	2	0	0	0	0	4
1392	0	1395	0	1	0	2	4	2	2	4	2	0	0	0	0	4
1389	0	1392	0	1	0	2	4	2	2	4	2	0	0	0	0	4
1387	0	1389	0	1	0	1	3	2	1	3	2	0	0	0	0	3
1384	0	1387	0	1	0	2	4	2	2	4	2	0	0	0	0	4
1381	0	1384	0	1	0	2	4	2	2	4	2	0	0	0	0	4
1378	0	1381	0	1	0	2	4	2	2	4	2	0	0	0	0	4
1375	0	1378	0	1	0	2	4	2	2	4	2	0	0	0	0	4
1372	0	1375	0	1	0	2	4	2	2	4	2	0	0	0	0	4
1369	0	1372	0	1	0	2	4	2	2	4	2	0	0	0	0	4
1366	0	1369	0	1	0	2	4	2	2	4	2	0	0	0	0	4
1363	0	1366	0	1	0	2	4	2	2	4	2	0	0	0	0	4
1360	0	1363	0	1	0	2	4	2	2	4	2	0	0	0	0	4
1357	0	1360	0	1	0	2	4	2	2	4	2	0	0	0	0	4
1354	0	1357	0	1	0	2	4	2	2	4	2	0	0	0	0	4
1351	0	1354	0	1	0	2	4	2	2	4	2	0	0	0	0	4
1348	0	1351	0	1	0	2	4	2	2	4	2	0	0	0	0	4
1346	0	1348	0	1	0	1	3	1	1	3	1	0	0	0	0	3
1343	0	1346	0	1	0	2	4	2	2	4	2	0	0	0	0	4
1340	0	1343	0	1	0	2	4	2	2	4	2	0	0	0	0	4
1337	0	1340	0	1	0	2	4	2	2	4	2	0	0	0	0	4
1334	0	1337	0	1	0	2	4	2	2	4	2	0	0	0	0	4
1331	0	1334	0	1	0	2	4	2	2	4	2	0	0	0	0	4
1328	0	1331	0	1	0	2	4	2	2	4	2	0	0	0	0	4
1325	0	1328	0	1	0	2	4	2	2	4	2	0	0	0	0	4
1322	0	1325	0	1	0	2	4	2	2	4	2	0	0	0	0	4
1319	0	1322	0	1	0	2	4	2	2	4	2	0	0	0	0	4
1316	0	1319	0	1	0	2	4	2	2	4	2	0	0	0	0	4
1313	0	1316	0	1	0	2	4	2	2	4	2	0	0	0	0	4
1311	0	1313	0	1	0	1	3	1	1	3	1	0	0	0	0	3
1308	0	1311	0	1	0	2	4	2	2	4	2	0	0	0	0	4
1306	0	1308	0	1	0	1	3	2	1	3	2	0	0	0	0	3
1303	0	1306	0	1	0	2	4	2	2	4	2	0	0	0	0	4
1294	0	1303	0	1	0	8	14	14	8	14	14	0	0	0	0	10
1291	0	1294	0	1	0	2	4	2	2	4	2	0	0	0	0	4
1288	0	1291	0	1	0	2	5	4	2	5	4	0	0	0	0	4
1283	0	1288	0	1	0	4	7	4	4	7	4	0	0	0	0	6
1280	0	1283	0	1	0	2	4	2	2	4	2	0	0	0	0	4
1277	0	1280	0	1	0	2	4	2	2	4	2	0	0	0	0	4
1274	0	1277	0	1	0	2	4	2	2	4	2	0	0	0	0	4
1271	0	1274	0	1	0	2	4	2	2	4	2	0	0	0	0	4
1268	0	1271	0	1	0	2	4	2	2	4	2	0	0	0	0	4
1265	0	1268	0	1	0	2	4	2	2	4	2	0	0	0	0	4
1262	0	1265	0	1	0	2	4	2	2	4	2	0	0	0	0	4
1259	0	1262	0	1	0	2	4	2	2	4	2	0	0	0	0	4
1256	0	1259	0	1	0	2	4	2	2	4	2	0	0	0	0	4
1253	0	1256	0	1	0	2	4	2	2	4	2	0	0	0	0	4
1250	0	1253	0	1	0	2	4	2	2	4	2	0	0	0	0	4
1247	0	1250	0	1	0	2	4	2	2	4	2	0	0	0	0	4
1244	0	1247	0	1	0	2	4	2	2	4	2	0	0	0	0	4
1241	0	1244	0	1	0	2	4	2	2	4	2	0	0	0	0	4
1238	0	1241	0	1	0	2	4	4	2	4	4	0	0	0	0	4
1236	0	1238	0	1	0	1	3	1	1	3	1	0	0	0	0	3
1234	0	1236	0	1	0	1	3	3	1	3	3	0	0	0	0	3
1227	0	1234	0	1	0	6	11	18	6	11	18	0	0	0	0	8
1223	0	1227	0	1	0	3	7	9	3	7	9	0	0	0	0	5
1220	0	1223	0	1	0	2	4	2	2	4	2	0	0	0	0	4
1217	0	1220	0	1	0	2	4	2	2	4	2	0	0	0	0	4
1214	0	1217	0	1	0	2	4	2	2	4	2	0	0	0	0	4
1212	0	1214	0	1	0	1	3	1	1	3	1	0	0	0	0	3
1209	0	1212	0	1	0	2	4	2	2	4	2	0	0	0	0	4
1206	0	1209	0	1	0	2	4	2	2	4	2	0	0	0	0	4
1203	0	1206	0	1	0	2	4	2	2	4	2	0	0	0	0	4
1200	0	1203	0	1	0	2	4	2	2	4	2	0	0	0	0	4
1197	0	1200	0	1	0	2	4	2	2	4	2	0	0	0	0	4
1194	0	1197	0	1	0	2	4	2	2	4	2	0	0	0	0	4
1191	0	1194	0	1	0	2	4	2	2	4	2	0	0	0	0	4
1188	0	1191	0	1	0	2	4	2	2	4	2	0	0	0	0	4
1186	0	1188	0	1	0	1	3	3	1	3	3	0	0	0	0	3
1183	0	1186	0	1	0	2	4	2	2	4	2	0	0	0	0	4
1180	0	1183	0	1	0	2	4	2	2	4	2	0	0	0	0	4
1177	0	1180	0	1	0	2	4	2	2	4	2	0	0	0	0	4
1174	0	1177	0	1	0	2	4	2	2	4	2	0	0	0	0	4
1161	0	1174	0	1	0	8	11	9	12	19	13	0	2	2	1,1	8
1170	0	1173	0	1	0	2	4	2	2	4	2	1	0	0	0	4
1164	0	1167	0	1	0	2	4	2	2	4	2	1	0	0	0	4
1158	0	1161	0	1	0	2	4	2	2	4	2	0	0	0	0	4
1154	0	1158	0	1	0	3	6	3	3	6	3	0	0	0	0	5
1152	0	1154	0	1	0	1	3	2	1	3	2	0	0	0	0	3
1149	0	1152	0	1	0	2	4	2	2	4	2	0	0	0	0	4
1138	0	1149	0	1	0	5	6	29	10	17	73	0	2	1	2	5
1145	0	1148	0	1	0	2	5	40	2	5	40	1	0	0	0	4
1141	0	1145	0	1	0	3	6	4	3	6	4	1	0	0	0	5
1135	0	1138	0	1	0	2	4	2	2	4	2	0	0	0	0	4
1132	0	1135	0	1	0	2	4	2	2	4	2	0	0	0	0	4
1129	0	1132	0	1	0	2	4	2	2	4	2	0	0	0	0	4
1126	0	1129	0	1	0	2	4	2	2	4	2	0	0	0	0	4
1122	0	1126	0	1	0	3	6	17	3	6	17	0	0	0	0	5
1119	0	1122	0	1	0	2	4	2	2	4	2	0	0	0	0	4
1111	0	1119	0	1	0	3	3	11	7	12	17	0	2	1	2	3
1115	0	1118	0	1	0	2	4	2	2	4	2	1	0	0	0	4
1112	0	1115	0	1	0	2	5	4	2	5	4	1	0	0	0	4
1108	0	1111	0	1	0	2	4	2	2	4	2	0	0	0	0	4
1105	0	1108	0	1	0	2	4	2	2	4	2	0	0	0	0	4
1102	0	1105	0	1	0	2	4	2	2	4	2	0	0	0	0	4
1099	0	1102	0	1	0	2	4	2	2	4	2	0	0	0	0	4
1096	0	1099	0	1	0	2	4	2	2	4	2	0	0	0	0	4
1093	0	1096	0	1	0	2	4	2	2	4	2	0	0	0	0	4
1090	0	1093	0	1	0	2	4	2	2	4	2	0	0	0	0	4
1087	0	1090	0	1	0	2	4	2	2	4	2	0	0	0	0	4
1084	0	1087	0	1	0	2	4	2	2	4	2	0	0	0	0	4
1081	0	1084	0	1	0	2	4	2	2	4	2	0	0	0	0	4
1079	0	1081	0	1	0	1	3	1	1	3	1	0	0	0	0	3
1076	0	1079	0	1	0	2	4	2	2	4	2	0	0	0	0	4
1073	0	1076	0	1	0	2	4	2	2	4	2	0	0	0	0	4
1070	0	1073	0	1	0	2	4	2	2	4	2	0	0	0	0	4
1067	0	1070	0	1	0	2	4	2	2	4	2	0	0	0	0	4
1064	0	1067	0	1	0	2	4	2	2	4	2	0	0	0	0	4
1061	0	1064	0	1	0	2	4	2	2	4	2	0	0	0	0	4
1058	0	1061	0	1	0	2	4	2	2	4	2	0	0	0	0	4
1055	0	1058	0	1	0	2	4	2	2	4	2	0	0	0	0	4
1052	0	1055	0	1	0	2	4	2	2	4	2	0	0	0	0	4
1049	0	1052	0	1	0	2	4	2	2	4	2	0	0	0	0	4
1047	0	1049	0	1	0	1	3	2	1	3	2	0	0	0	0	3
1044	0	1047	0	1	0	2	4	2	2	4	2	0	0	0	0	4
1041	0	1044	0	1	0	2	4	2	2	4	2	0	0	0	0	4
1038	0	1041	0	1	0	2	4	2	2	4	2	0	0	0	0	4
1035	0	1038	0	1	0	2	4	2	2	4	2	0	0	0	0	4
1032	0	1035	0	1	0	2	4	2	2	4	2	0	0	0	0	4
1029	0	1032	0	1	0	2	4	2	2	4	2	0	0	0	0	4
1026	0	1029	0	1	0	2	4	2	2	4	2	0	0	0	0	4
1023	0	1026	0	1	0	2	4	2	2	4	2	0	0	0	0	4
1020	0	1023	0	1	0	2	4	2	2	4	2	0	0	0	0	4
1017	0	1020	0	1	0	2	4	2	2	4	2	0	0	0	0	4
1014	0	1017	0	1	0	2	4	2	2	4	2	0	0	0	0	4
1011	0	1014	0	1	0	2	4	2	2	4	2	0	0	0	0	4
1008	0	1011	0	1	0	2	4	2	2	4	2	0	0	0	0	4
1005	0	1008	0	1	0	2	4	2	2	4	2	0	0	0	0	4
1002	0	1005	0	1	0	2	4	2	2	4	2	0	0	0	0	4
999	0	1002	0	1	0	2	4	2	2	4	2	0	0	0	0	4
996	0	999	0	1	0	2	4	2	2	4	2	0	0	0	0	4
993	0	996	0	1	0	2	4	2	2	4	2	0	0	0	0	4
990	0	993	0	1	0	2	4	2	2	4	2	0	0	0	0	4
987	0	990	0	1	0	2	4	2	2	4	2	0	0	0	0	4
984	0	987	0	1	0	2	4	2	2	4	2	0	0	0	0	4
981	0	984	0	1	0	2	4	2	2	4	2	0	0	0	0	4
978	0	981	0	1	0	2	4	2	2	4	2	0	0	0	0	4
975	0	978	0	1	0	2	4	2	2	4	2	0	0	0	0	4
972	0	975	0	1	0	2	4	2	2	4	2	0	0	0	0	4
969	0	972	0	1	0	2	4	2	2	4	2	0	0	0	0	4
966	0	969	0	1	0	2	4	2	2	4	2	0	0	0	0	4
963	0	966	0	1	0	2	4	2	2	4	2	0	0	0	0	4
960	0	963	0	1	0	2	4	2	2	4	2	0	0	0	0	4
957	0	960	0	1	0	2	4	2	2	4	2	0	0	0	0	4
954	0	957	0	1	0	2	4	2	2	4	2	0	0	0	0	4
952	0	954	0	1	0	1	3	1	1	3	1	0	0	0	0	3
949	0	952	0	1	0	2	4	2	2	4	2	0	0	0	0	4
946	0	949	0	1	0	2	4	2	2	4	2	0	0	0	0	4
943	0	946	0	1	0	2	4	2	2	4	2	0	0	0	0	4
940	0	943	0	1	0	2	4	2	2	4	2	0	0	0	0	4
937	0	940	0	1	0	2	4	2	2	4	2	0	0	0	0	4
933	0	937	0	1	0	3	7	14	3	7	14	0	0	0	0	5
930	0	933	0	1	0	2	5	4	2	5	4	0	0	0	0	4
926	0	930	0	1	0	3	7	15	3	7	15	0	0	0	0	5
923	0	926	0	1	0	2	4	2	2	4	2	0	0	0	0	4
920	0	923	0	1	0	2	4	2	2	4	2	0	0	0	0	4
917	0	920	0	1	0	2	4	2	2	4	2	0	0	0	0	4
914	0	917	0	1	0	2	4	2	2	4	2	0	0	0	0	4
910	0	914	0	1	0	3	6	3	3	6	3	0	0	0	0	5
907	0	910	0	1	0	2	4	2	2	4	2	0	0	0	0	4
903	0	907	0	1	0	3	6	6	3	6	6	0	0	0	0	5
900	0	903	0	1	0	2	4	2	2	4	2	0	0	0	0	4
897	0	900	0	1	0	2	4	2	2	4	2	0	0	0	0	4
894	0	897	0	1	0	2	4	2	2	4	2	0	0	0	0	4
891	0	894	0	1	0	2	4	2	2	4	2	0	0	0	0	4
888	0	891	0	1	0	2	4	2	2	4	2	0	0	0	0	4
885	0	888	0	1	0	2	4	2	2	4	2	0	0	0	0	4
882	0	885	0	1	0	2	4	2	2	4	2	0	0	0	0	4
879	0	882	0	1	0	2	4	2	2	4	2	0	0	0	0	4
875	0	879	0	1	0	2	3	8	3	6	10	0	1	1	1	3
876	0	878	0	1	0	1	3	2	1	3	2	1	0	0	0	3
871	0	875	0	1	0	3	6	5	3	6	5	0	0	0	0	5
869	0	871	0	1	0	1	3	8	1	3	8	0	0	0	0	3
867	0	869	0	1	0	1	3	4	1	3	4	0	0	0	0	3
865	0	867	0	1	0	1	3	1	1	3	1	0	0	0	0	3
862	0	865	0	1	0	2	4	2	2	4	2	0	0	0	0	4
860	0	862	0	1	0	1	3	1	1	3	1	0	0	0	0	3
858	0	860	0	1	0	1	3	1	1	3	1	0	0	0	0	3
855	0	858	0	1	0	2	4	2	2	4	2	0	0	0	0	4
852	0	855	0	1	0	2	4	2	2	4	2	0	0	0	0	4
849	0	852	0	1	0	2	4	2	2	4	2	0	0	0	0	4
847	0	849	0	1	0	1	3	1	1	3	1	0	0	0	0	3
844	0	847	0	1	0	2	4	2	2	4	2	0	0	0	0	4
841	0	844	0	1	0	2	4	2	2	4	2	0	0	0	0	4
838	0	841	0	1	0	2	4	2	2	4	2	0	0	0	0	4
835	0	838	0	1	0	2	4	2	2	4	2	0	0	0	0	4
832	0	835	0	1	0	2	4	2	2	4	2	0	0	0	0	4
829	0	832	0	1	0	2	4	2	2	4	2	0	0	0	0	4
826	0	829	0	1	0	2	4	2	2	4	2	0	0	0	0	4
823	0	826	0	1	0	2	4	2	2	4	2	0	0	0	0	4
820	0	823	0	1	0	2	4	2	2	4	2	0	0	0	0	4
817	0	820	0	1	0	2	4	2	2	4	2	0	0	0	0	4
813	0	817	0	1	0	3	7	3	3	7	3	0	0	0	0	5
810	0	813	0	1	0	2	4	2	2	4	2	0	0	0	0	4
807	0	810	0	1	0	2	4	2	2	4	2	0	0	0	0	4
803	0	807	0	1	0	3	6	3	3	6	3	0	0	0	0	5
800	0	803	0	1	0	2	4	2	2	4	2	0	0	0	0	4
797	0	800	0	1	0	2	4	2	2	4	2	0	0	0	0	4
794	0	797	0	1	0	2	4	2	2	4	2	0	0	0	0	4
791	0	794	0	1	0	2	4	2	2	4	2	0	0	0	0	4
788	0	791	0	1	0	2	4	2	2	4	2	0	0	0	0	4
786	0	788	0	1	0	1	3	2	1	3	2	0	0	0	0	3
783	0	786	0	1	0	2	4	2	2	4	2	0	0	0	0	4
780	0	783	0	1	0	2	4	2	2	4	2	0	0	0	0	4
777	0	780	0	1	0	2	4	2	2	4	2	0	0	0	0	4
774	0	777	0	1	0	2	4	2	2	4	2	0	0	0	0	4
771	0	774	0	1	0	2	4	2	2	4	2	0	0	0	0	4
769	0	771	0	1	0	1	3	3	1	3	3	0	0	0	0	3
766	0	769	0	1	0	2	4	2	2	4	2	0	0	0	0	4
763	0	766	0	1	0	2	4	3	2	4	3	0	0	0	0	4
760	0	763	0	1	0	2	4	2	2	4	2	0	0	0	0	4
758	0	760	0	1	0	1	3	1	1	3	1	0	0	0	0	3
755	0	758	0	1	0	2	5	2	2	5	2	0	0	0	0	4
752	0	755	0	1	0	2	4	2	2	4	2	0	0	0	0	4
749	0	752	0	1	0	2	4	2	2	4	2	0	0	0	0	4
746	0	749	0	1	0	2	4	2	2	4	2	0	0	0	0	4
743	0	746	0	1	0	2	4	2	2	4	2	0	0	0	0	4
740	0	743	0	1	0	2	4	2	2	4	2	0	0	0	0	4
738	0	740	0	1	0	1	3	2	1	3	2	0	0	0	0	3
735	0	738	0	1	0	2	4	2	2	4	2	0	0	0	0	4
732	0	735	0	1	0	2	4	2	2	4	2	0	0	0	0	4
729	0	732	0	1	0	2	4	2	2	4	2	0	0	0	0	4
726	0	729	0	1	0	2	4	2	2	4	2	0	0	0	0	4
723	0	726	0	1	0	2	4	2	2	4	2	0	0	0	0	4
721	0	723	0	1	0	1	3	3	1	3	3	0	0	0	0	3
718	0	721	0	1	0	2	4	2	2	4	2	0	0	0	0	4
715	0	718	0	1	0	2	4	2	2	4	2	0	0	0	0	4
712	0	715	0	1	0	2	4	2	2	4	2	0	0	0	0	4
709	0	712	0	1	0	2	4	2	2	4	2	0	0	0	0	4
706	0	709	0	1	0	2	4	13	2	4	13	0	0	0	0	4
703	0	706	0	1	0	2	4	2	2	4	2	0	0	0	0	4
700	0	703	0	1	0	2	4	2	2	4	2	0	0	0	0	4
697	0	700	0	1	0	2	4	2	2	4	2	0	0	0	0	4
694	0	697	0	1	0	2	4	2	2	4	2	0	0	0	0	4
691	0	694	0	1	0	2	4	2	2	4	2	0	0	0	0	4
688	0	691	0	1	0	2	4	2	2	4	2	0	0	0	0	4
685	0	688	0	1	0	2	4	2	2	4	2	0	0	0	0	4
682	0	685	0	1	0	2	4	2	2	4	2	0	0	0	0	4
679	0	682	0	1	0	2	4	2	2	4	2	0	0	0	0	4
676	0	679	0	1	0	2	4	2	2	4	2	0	0	0	0	4
673	0	676	0	1	0	2	4	2	2	4	2	0	0	0	0	4
670	0	673	0	1	0	2	4	2	2	4	2	0	0	0	0	4
664	0	670	0	1	0	5	11	16	5	11	16	0	0	0	0	7
661	0	664	0	1	0	2	4	2	2	4	2	0	0	0	0	4
659	0	661	0	1	0	1	3	1	1	3	1	0	0	0	0	3
657	0	659	0	1	0	1	3	1	1	3	1	0	0	0	0	3
654	0	657	0	1	0	2	4	2	2	4	2	0	0	0	0	4
651	0	654	0	1	0	2	4	2	2	4	2	0	0	0	0	4
648	0	651	0	1	0	2	4	2	2	4	2	0	0	0	0	4
646	0	648	0	1	0	1	3	1	1	3	1	0	0	0	0	3
643	0	646	0	1	0	2	4	2	2	4	2	0	0	0	0	4
640	0	643	0	1	0	2	4	2	2	4	2	0	0	0	0	4
638	0	640	0	1	0	1	3	1	1	3	1	0	0	0	0	3
636	0	638	0	1	0	1	3	1	1	3	1	0	0	0	0	3
633	0	636	0	1	0	2	4	2	2	4	2	0	0	0	0	4
630	0	633	0	1	0	2	4	2	2	4	2	0	0	0	0	4
628	0	630	0	1	0	1	3	1	1	3	1	0	0	0	0	3
626	0	628	0	1	0	1	3	1	1	3	1	0	0	0	0	3
623	0	626	0	1	0	2	4	2	2	4	2	0	0	0	0	4
621	0	623	0	1	0	1	3	1	1	3	1	0	0	0	0	3
619	0	621	0	1	0	1	3	1	1	3	1	0	0	0	0	3
617	0	619	0	1	0	1	3	1	1	3	1	0	0	0	0	3
614	0	617	0	1	0	2	4	2	2	4	2	0	0	0	0	4
612	0	614	0	1	0	1	3	1	1	3	1	0	0	0	0	3
611	0	612	0	1	0	0	1	0	0	1	0	0	0	0	0	2
608	0	611	0	1	0	2	4	2	2	4	2	0	0	0	0	4
605	0	608	0	1	0	2	4	2	2	4	2	0	0	0	0	4
602	0	605	0	1	0	2	4	2	2	4	2	0	0	0	0	4
600	0	602	0	1	0	1	3	1	1	3	1	0	0	0	0	3
597	0	600	0	1	0	2	4	2	2	4	2	0	0	0	0	4
594	0	597	0	1	0	2	4	2	2	4	2	0	0	0	0	4
591	0	594	0	1	0	2	4	2	2	4	2	0	0	0	0	4
588	0	591	0	1	0	2	4	2	2	4	2	0	0	0	0	4
585	0	588	0	1	0	2	4	2	2	4	2	0	0	0	0	4
582	0	585	0	1	0	2	4	2	2	4	2	0	0	0	0	4
579	0	582	0	1	0	2	4	2	2	4	2	0	0	0	0	4
575	0	579	0	1	0	3	6	4	3	6	4	0	0	0	0	5
573	0	575	0	1	0	1	3	1	1	3	1	0	0	0	0	3
570	0	573	0	1	0	2	4	2	2	4	2	0	0	0	0	4
567	0	570	0	1	0	2	4	2	2	4	2	0	0	0	0	4
564	0	567	0	1	0	2	4	2	2	4	2	0	0	0	0	4
562	0	564	0	1	0	1	3	1	1	3	1	0	0	0	0	3
559	0	562	0	1	0	2	4	2	2	4	2	0	0	0	0	4
556	0	559	0	1	0	2	4	2	2	4	2	0	0	0	0	4
553	0	556	0	1	0	2	4	2	2	4	2	0	0	0	0	4
550	0	553	0	1	0	2	4	2	2	4	2	0	0	0	0	4
547	0	550	0	1	0	2	5	4	2	5	4	0	0	0	0	4
544	0	547	0	1	0	2	4	2	2	4	2	0	0	0	0	4
541	0	544	0	1	0	2	4	2	2	4	2	0	0	0	0	4
538	0	541	0	1	0	2	4	2	2	4	2	0	0	0	0	4
533	0	538	0	1	0	4	9	4	4	9	4	0	0	0	0	6
530	0	533	0	1	0	2	4	2	2	4	2	0	0	0	0	4
527	0	530	0	1	0	2	4	2	2	4	2	0	0	0	0	4
524	0	527	0	1	0	2	4	2	2	4	2	0	0	0	0	4
522	0	524	0	1	0	1	3	387	1	3	387	0	0	0	0	3
520	0	522	0	1	0	1	3	1	1	3	1	0	0	0	0	3
517	0	520	0	1	0	2	4	2	2	4	2	0	0	0	0	4
514	0	517	0	1	0	2	4	2	2	4	2	0	0	0	0	4
508	0	514	0	1	0	5	11	14	5	11	14	0	0	0	0	7
505	0	508	0	1	0	2	4	2	2	4	2	0	0	0	0	4
502	0	505	0	1	0	2	4	2	2	4	2	0	0	0	0	4
499	0	502	0	1	0	2	4	2	2	4	2	0	0	0	0	4
496	0	499	0	1	0	2	4	2	2	4	2	0	0	0	0	4
493	0	496	0	1	0	2	4	2	2	4	2	0	0	0	0	4
490	0	493	0	1	0	2	4	2	2	4	2	0	0	0	0	4
487	0	490	0	1	0	2	4	2	2	4	2	0	0	0	0	4
484	0	487	0	1	0	2	4	2	2	4	2	0	0	0	0	4
481	0	484	0	1	0	2	4	2	2	4	2	0	0	0	0	4
478	0	481	0	1	0	2	4	2	2	4	2	0	0	0	0	4
475	0	478	0	1	0	2	4	2	2	4	2	0	0	0	0	4
472	0	475	0	1	0	2	4	2	2	4	2	0	0	0	0	4
469	0	472	0	1	0	2	4	2	2	4	2	0	0	0	0	4
467	0	469	0	1	0	1	3	1	1	3	1	0	0	0	0	3
464	0	467	0	1	0	2	5	4	2	5	4	0	0	0	0	4
461	0	464	0	1	0	2	4	2	2	4	2	0	0	0	0	4
458	0	461	0	1	0	2	4	2	2	4	2	0	0	0	0	4
455	0	458	0	1	0	2	4	2	2	4	2	0	0	0	0	4
452	0	455	0	1	0	2	4	2	2	4	2	0	0	0	0	4
450	0	452	0	1	0	1	3	5	1	3	5	0	0	0	0	3
447	0	450	0	1	0	2	4	2	2	4	2	0	0	0	0	4
444	0	447	0	1	0	2	4	2	2	4	2	0	0	0	0	4
441	0	444	0	1	0	2	4	2	2	4	2	0	0	0	0	4
439	0	441	0	1	0	1	3	1	1	3	1	0	0	0	0	3
436	0	439	0	1	0	2	4	2	2	4	2	0	0	0	0	4
433	0	436	0	1	0	2	4	2	2	4	2	0	0	0	0	4
430	0	433	0	1	0	2	4	2	2	4	2	0	0	0	0	4
427	0	430	0	1	0	2	4	2	2	4	2	0	0	0	0	4
424	0	427	0	1	0	2	4	2	2	4	2	0	0	0	0	4
421	0	424	0	1	0	2	4	2	2	4	2	0	0	0	0	4
419	0	421	0	1	0	1	3	1	1	3	1	0	0	0	0	3
416	0	419	0	1	0	2	4	2	2	4	2	0	0	0	0	4
413	0	416	0	1	0	2	4	2	2	4	2	0	0	0	0	4
410	0	413	0	1	0	2	4	2	2	4	2	0	0	0	0	4
407	0	410	0	1	0	2	4	2	2	4	2	0	0	0	0	4
405	0	407	0	1	0	1	3	1	1	3	1	0	0	0	0	3
402	0	405	0	1	0	2	4	2	2	4	2	0	0	0	0	4
399	0	402	0	1	0	2	4	2	2	4	2	0	0	0	0	4
396	0	399	0	1	0	2	4	2	2	4	2	0	0	0	0	4
393	0	396	0	1	0	2	4	2	2	4	2	0	0	0	0	4
390	0	393	0	1	0	2	4	2	2	4	2	0	0	0	0	4
387	0	390	0	1	0	2	4	2	2	4	2	0	0	0	0	4
384	0	387	0	1	0	2	4	2	2	4	2	0	0	0	0	4
381	0	384	0	1	0	2	4	2	2	4	2	0	0	0	0	4
378	0	381	0	1	0	2	4	2	2	4	2	0	0	0	0	4
375	0	378	0	1	0	2	4	2	2	4	2	0	0	0	0	4
372	0	375	0	1	0	2	4	2	2	4	2	0	0	0	0	4
369	0	372	0	1	0	2	4	2	2	4	2	0	0	0	0	4
366	0	369	0	1	0	2	4	2	2	4	2	0	0	0	0	4
363	0	366	0	1	0	2	4	2	2	4	2	0	0	0	0	4
360	0	363	0	1	0	2	4	2	2	4	2	0	0	0	0	4
358	0	360	0	1	0	1	3	1	1	3	1	0	0	0	0	3
356	0	358	0	1	0	1	3	2	1	3	2	0	0	0	0	3
353	0	356	0	1	0	2	4	2	2	4	2	0	0	0	0	4
350	0	353	0	1	0	2	4	2	2	4	2	0	0	0	0	4
347	0	350	0	1	0	2	4	2	2	4	2	0	0	0	0	4
345	0	347	0	1	0	1	3	4	1	3	4	0	0	0	0	3
342	0	345	0	1	0	2	4	2	2	4	2	0	0	0	0	4
339	0	342	0	1	0	2	4	2	2	4	2	0	0	0	0	4
336	0	339	0	1	0	2	4	2	2	4	2	0	0	0	0	4
334	0	336	0	1	0	1	3	1	1	3	1	0	0	0	0	3
331	0	334	0	1	0	2	4	2	2	4	2	0	0	0	0	4
328	0	331	0	1	0	2	4	2	2	4	2	0	0	0	0	4
325	0	328	0	1	0	2	4	2	2	4	2	0	0	0	0	4
322	0	325	0	1	0	2	4	2	2	4	2	0	0	0	0	4
319	0	322	0	1	0	2	4	2	2	4	2	0	0	0	0	4
316	0	319	0	1	0	2	4	2	2	4	2	0	0	0	0	4
313	0	316	0	1	0	2	4	2	2	4	2	0	0	0	0	4
311	0	313	0	1	0	1	3	1	1	3	1	0	0	0	0	3
308	0	311	0	1	0	2	4	2	2	4	2	0	0	0	0	4
306	0	308	0	1	0	1	3	1	1	3	1	0	0	0	0	3
303	0	306	0	1	0	2	4	2	2	4	2	0	0	0	0	4
300	0	303	0	1	0	2	4	2	2	4	2	0	0	0	0	4
297	0	300	0	1	0	2	4	2	2	4	2	0	0	0	0	4
294	0	297	0	1	0	2	4	2	2	4	2	0	0	0	0	4
293	0	294	0	1	0	0	1	0	0	1	0	0	0	0	0	2
290	0	293	0	1	0	2	4	2	2	4	2	0	0	0	0	4
289	0	290	0	1	0	0	1	0	0	1	0	0	0	0	0	2
287	0	289	0	1	0	1	3	1	1	3	1	0	0	0	0	3
285	0	287	0	1	0	1	3	1	1	3	1	0	0	0	0	3
283	0	285	0	1	0	1	3	1	1	3	1	0	0	0	0	3
280	0	283	0	1	0	2	4	2	2	4	2	0	0	0	0	4
277	0	280	0	1	0	2	4	2	2	4	2	0	0	0	0	4
276	0	277	0	1	0	0	1	0	0	1	0	0	0	0	0	2
274	0	276	0	1	0	1	3	1	1	3	1	0	0	0	0	3
271	0	274	0	1	0	2	5	2	2	5	2	0	0	0	0	4
268	0	271	0	1	0	2	4	2	2	4	2	0	0	0	0	4
266	0	268	0	1	0	1	3	1	1	3	1	0	0	0	0	3
264	0	266	0	1	0	1	3	1	1	3	1	0	0	0	0	3
262	0	264	0	1	0	1	3	1	1	3	1	0	0	0	0	3
260	0	262	0	1	0	1	3	1	1	3	1	0	0	0	0	3
258	0	260	0	1	0	1	3	1	1	3	1	0	0	0	0	3
256	0	258	0	1	0	1	3	1	1	3	1	0	0	0	0	3
253	0	256	0	1	0	2	4	2	2	4	2	0	0	0	0	4
251	0	253	0	1	0	1	3	1	1	3	1	0	0	0	0	3
248	0	251	0	1	0	2	4	2	2	4	2	0	0	0	0	4
246	0	248	0	1	0	1	3	1	1	3	1	0	0	0	0	3
244	0	246	0	1	0	1	3	1	1	3	1	0	0	0	0	3
242	0	244	0	1	0	1	3	1	1	3	1	0	0	0	0	3
240	0	242	0	1	0	1	3	1	1	3	1	0	0	0	0	3
237	0	240	0	1	0	2	4	2	2	4	2	0	0	0	0	4
235	0	237	0	1	0	1	3	1	1	3	1	0	0	0	0	3
233	0	235	0	1	0	1	3	1	1	3	1	0	0	0	0	3
231	0	233	0	1	0	1	3	1	1	3	1	0	0	0	0	3
229	0	231	0	1	0	1	3	1	1	3	1	0	0	0	0	3
227	0	229	0	1	0	1	3	1	1	3	1	0	0	0	0	3
225	0	227	0	1	0	1	3	1	1	3	1	0	0	0	0	3
223	0	225	0	1	0	1	3	1	1	3	1	0	0	0	0	3
221	0	223	0	1	0	1	3	1	1	3	1	0	0	0	0	3
219	0	221	0	1	0	1	3	1	1	3	1	0	0	0	0	3
216	0	219	0	1	0	2	4	2	2	4	2	0	0	0	0	4
213	0	216	0	1	0	2	4	2	2	4	2	0	0	0	0	4
211	0	213	0	1	0	1	3	1	1	3	1	0	0	0	0	3
209	0	211	0	1	0	1	3	1	1	3	1	0	0	0	0	3
207	0	209	0	1	0	1	3	1	1	3	1	0	0	0	0	3
205	0	207	0	1	0	1	3	1	1	3	1	0	0	0	0	3
203	0	205	0	1	0	1	3	1	1	3	1	0	0	0	0	3
201	0	203	0	1	0	1	3	1	1	3	1	0	0	0	0	3
199	0	201	0	1	0	1	3	1	1	3	1	0	0	0	0	3
198	0	199	0	1	0	0	1	0	0	1	0	0	0	0	0	2
195	0	198	0	1	0	2	4	2	2	4	2	0	0	0	0	4
192	0	195	0	1	0	2	4	2	2	4	2	0	0	0	0	4
189	0	192	0	1	0	2	4	2	2	4	2	0	0	0	0	4
186	0	189	0	1	0	2	5	2	2	5	2	0	0	0	0	4
183	0	186	0	1	0	2	4	2	2	4	2	0	0	0	0	4
180	0	183	0	1	0	2	4	2	2	4	2	0	0	0	0	4
178	0	180	0	1	0	1	3	1	1	3	1	0	0	0	0	3
176	0	178	0	1	0	1	3	1	1	3	1	0	0	0	0	3
173	0	176	0	1	0	2	4	2	2	4	2	0	0	0	0	4
171	0	173	0	1	0	1	3	1	1	3	1	0	0	0	0	3
168	0	171	0	1	0	2	4	2	2	4	2	0	0	0	0	4
166	0	168	0	1	0	1	3	1	1	3	1	0	0	0	0	3
164	0	166	0	1	0	1	3	1	1	3	1	0	0	0	0	3
162	0	164	0	1	0	1	3	1	1	3	1	0	0	0	0	3
159	0	162	0	1	0	2	4	2	2	4	2	0	0	0	0	4
157	0	159	0	1	0	1	3	1	1	3	1	0	0	0	0	3
155	0	157	0	1	0	1	3	1	1	3	1	0	0	0	0	3
152	0	155	0	1	0	2	4	2	2	4	2	0	0	0	0	4
150	0	152	0	1	0	1	3	1	1	3	1	0	0	0	0	3
147	0	150	0	1	0	2	4	4	2	4	4	0	0	0	0	4
144	0	147	0	1	0	2	4	2	2	4	2	0	0	0	0	4
142	0	144	0	1	0	1	3	1	1	3	1	0	0	0	0	3
140	0	142	0	1	0	1	3	1	1	3	1	0	0	0	0	3
138	0	140	0	1	0	1	3	1	1	3	1	0	0	0	0	3
137	0	138	0	1	0	0	1	0	0	1	0	0	0	0	0	2
135	0	137	0	1	0	1	3	1	1	3	1	0	0	0	0	3
133	0	135	0	1	0	1	3	2	1	3	2	0	0	0	0	3
130	0	133	0	1	0	2	4	2	2	4	2	0	0	0	0	4
127	0	130	0	1	0	2	4	2	2	4	2	0	0	0	0	4
125	0	127	0	1	0	1	3	2	1	3	2	0	0	0	0	3
117	0	125	0	1	0	4	3	325	7	12	328	0	3	1	3	3
122	0	124	0	1	0	1	3	1	1	3	1	1	0	0	0	3
120	0	122	0	1	0	1	3	1	1	3	1	1	0	0	0	3
118	0	120	0	1	0	1	3	1	1	3	1	1	0	0	0	3
116	0	117	0	1	0	0	1	0	0	1	0	0	0	0	0	2
113	0	116	0	1	0	2	4	2	2	4	2	0	0	0	0	4
111	0	113	0	1	0	1	3	1	1	3	1	0	0	0	0	3
109	0	111	0	1	0	1	3	1	1	3	1	0	0	0	0	3
106	0	109	0	1	0	2	4	2	2	4	2	0	0	0	0	4
105	0	106	0	1	0	0	1	0	0	1	0	0	0	0	0	2
103	0	105	0	1	0	1	3	1	1	3	1	0	0	0	0	3
101	0	103	0	1	0	1	3	1	1	3	1	0	0	0	0	3
99	0	101	0	1	0	1	3	1	1	3	1	0	0	0	0	3
97	0	99	0	1	0	1	3	1	1	3	1	0	0	0	0	3
96	0	97	0	1	0	0	1	0	0	1	0	0	0	0	0	2
94	0	96	0	1	0	1	3	1	1	3	1	0	0	0	0	3
92	0	94	0	1	0	1	3	1	1	3	1	0	0	0	0	3
89	0	92	0	1	0	2	4	2	2	4	2	0	0	0	0	4
87	0	89	0	1	0	1	3	1	1	3	1	0	0	0	0	3
85	0	87	0	1	0	1	3	1	1	3	1	0	0	0	0	3
83	0	85	0	1	0	1	3	1	1	3	1	0	0	0	0	3
80	0	83	0	1	0	2	4	2	2	4	2	0	0	0	0	4
78	0	80	0	1	0	1	3	2	1	3	2	0	0	0	0	3
76	0	78	0	1	0	1	3	1	1	3	1	0	0	0	0	3
73	0	76	0	1	0	2	4	2	2	4	2	0	0	0	0	4
71	0	73	0	1	0	1	3	2	1	3	2	0	0	0	0	3
69	0	71	0	1	0	1	3	1	1	3	1	0	0	0	0	3
66	0	69	0	1	0	2	4	2	2	4	2	0	0	0	0	4
64	0	66	0	1	0	1	3	1	1	3	1	0	0	0	0	3
62	0	64	0	1	0	1	3	1	1	3	1	0	0	0	0	3
60	0	62	0	1	0	1	3	1	1	3	1	0	0	0	0	3
58	0	60	0	1	0	1	3	1	1	3	1	0	0	0	0	3
56	0	58	0	1	0	1	3	1	1	3	1	0	0	0	0	3
53	0	56	0	1	0	2	4	2	2	4	2	0	0	0	0	4
51	0	53	0	1	0	1	3	1	1	3	1	0	0	0	0	3
49	0	51	0	1	0	1	3	1	1	3	1	0	0	0	0	3
47	0	49	0	1	0	1	3	1	1	3	1	0	0	0	0	3
45	0	47	0	1	0	1	3	1	1	3	1	0	0	0	0	3
43	0	45	0	1	0	1	3	1	1	3	1	0	0	0	0	3
40	0	43	0	1	0	2	4	4	2	4	4	0	0	0	0	4
37	0	40	0	1	0	2	4	2	2	4	2	0	0	0	0	4
35	0	37	0	1	0	1	3	1	1	3	1	0	0	0	0	3
33	0	35	0	1	0	1	3	1	1	3	1	0	0	0	0	3
31	0	33	0	1	0	1	3	1	1	3	1	0	0	0	0	3
29	0	31	0	1	0	1	3	1	1	3	1	0	0	0	0	3
27	0	29	0	1	0	1	3	1	1	3	1	0	0	0	0	3
25	0	27	0	1	0	1	3	1	1	3	1	0	0	0	0	3
23	0	25	0	1	0	1	3	1	1	3	1	0	0	0	0	3
21	0	23	0	1	0	1	3	1	1	3	1	0	0	0	0	3
18	0	21	0	1	0	2	4	3	2	4	3	0	0	0	0	4
16	0	18	0	1	0	1	3	1	1	3	1	0	0	0	0	3
13	0	16	0	1	0	2	4	2	2	4	2	0	0	0	0	4
11	0	13	0	1	0	1	3	1	1	3	1	0	0	0	0	3
8	0	11	0	1	0	2	4	2	2	4	2	0	0	0	0	4
6	0	8	0	1	0	1	3	1	1	3	1	0	0	0	0	3
3	0	6	0	1	0	2	4	2	2	4	2	0	0	0	0	4
2	0	3	0	1	0	0	1	0	0	1	0	0	0	0	0	2
1	0	2	0	1	0	0	1	0	0	1	0	0	0	0	0	2
